dt,AverageTemperature,Country,dt_formatted,month_offset
1825-01-01,25.915,Indonesia,1825-01-01,1
1825-02-01,25.385,Indonesia,1825-02-01,2
1825-03-01,25.687,Indonesia,1825-03-01,3
1825-04-01,26.302,Indonesia,1825-04-01,4
1825-05-01,25.705,Indonesia,1825-05-01,5
1825-06-01,26.161,Indonesia,1825-06-01,6
1825-07-01,25.567,Indonesia,1825-07-01,7
1825-08-01,24.97,Indonesia,1825-08-01,8
1825-09-01,24.87,Indonesia,1825-09-01,9
1825-10-01,24.788,Indonesia,1825-10-01,10
1825-11-01,26.069000000000003,Indonesia,1825-11-01,11
1825-12-01,25.207,Indonesia,1825-12-01,12
1839-04-01,25.365,Indonesia,1839-04-01,172
1839-05-01,24.954,Indonesia,1839-05-01,173
1839-06-01,25.013,Indonesia,1839-06-01,174
1839-07-01,25.355,Indonesia,1839-07-01,175
1839-08-01,25.216,Indonesia,1839-08-01,176
1839-09-01,24.486,Indonesia,1839-09-01,177
1839-10-01,24.821,Indonesia,1839-10-01,178
1839-11-01,24.127,Indonesia,1839-11-01,179
1839-12-01,23.73,Indonesia,1839-12-01,180
1840-01-01,25.636,Indonesia,1840-01-01,181
1840-02-01,24.700000000000006,Indonesia,1840-02-01,182
1840-03-01,24.353,Indonesia,1840-03-01,183
1840-11-01,24.668000000000003,Indonesia,1840-11-01,191
1841-01-01,24.103,Indonesia,1841-01-01,193
1841-02-01,25.059,Indonesia,1841-02-01,194
1850-01-01,24.324,Indonesia,1850-01-01,301
1850-02-01,25.772,Indonesia,1850-02-01,302
1850-03-01,25.508000000000003,Indonesia,1850-03-01,303
1850-04-01,24.966,Indonesia,1850-04-01,304
1850-05-01,24.815,Indonesia,1850-05-01,305
1850-06-01,25.238000000000003,Indonesia,1850-06-01,306
1850-07-01,25.406,Indonesia,1850-07-01,307
1850-08-01,25.24,Indonesia,1850-08-01,308
1850-09-01,24.882,Indonesia,1850-09-01,309
1850-10-01,24.705,Indonesia,1850-10-01,310
1850-11-01,24.71,Indonesia,1850-11-01,311
1850-12-01,24.893,Indonesia,1850-12-01,312
1851-01-01,25.513,Indonesia,1851-01-01,313
1851-02-01,25.356,Indonesia,1851-02-01,314
1851-03-01,24.802,Indonesia,1851-03-01,315
1851-04-01,24.874,Indonesia,1851-04-01,316
1851-05-01,25.695,Indonesia,1851-05-01,317
1851-06-01,25.493,Indonesia,1851-06-01,318
1851-07-01,25.423,Indonesia,1851-07-01,319
1851-08-01,25.164,Indonesia,1851-08-01,320
1851-09-01,25.165,Indonesia,1851-09-01,321
1851-10-01,25.388,Indonesia,1851-10-01,322
1851-11-01,24.695,Indonesia,1851-11-01,323
1851-12-01,25.406,Indonesia,1851-12-01,324
1852-01-01,25.315,Indonesia,1852-01-01,325
1852-02-01,25.03700000000001,Indonesia,1852-02-01,326
1852-03-01,24.544,Indonesia,1852-03-01,327
1852-04-01,25.099,Indonesia,1852-04-01,328
1852-05-01,25.782,Indonesia,1852-05-01,329
1852-06-01,25.444000000000003,Indonesia,1852-06-01,330
1852-07-01,25.327,Indonesia,1852-07-01,331
1852-08-01,24.774,Indonesia,1852-08-01,332
1852-09-01,25.082,Indonesia,1852-09-01,333
1852-10-01,25.181,Indonesia,1852-10-01,334
1852-11-01,24.553,Indonesia,1852-11-01,335
1852-12-01,25.409,Indonesia,1852-12-01,336
1853-01-01,24.929,Indonesia,1853-01-01,337
1853-02-01,24.506,Indonesia,1853-02-01,338
1853-03-01,24.937,Indonesia,1853-03-01,339
1853-04-01,25.046,Indonesia,1853-04-01,340
1853-05-01,25.603,Indonesia,1853-05-01,341
1853-06-01,25.393,Indonesia,1853-06-01,342
1853-07-01,25.435,Indonesia,1853-07-01,343
1853-08-01,25.295,Indonesia,1853-08-01,344
1853-12-01,25.469,Indonesia,1853-12-01,348
1854-01-01,24.832,Indonesia,1854-01-01,349
1854-02-01,24.537,Indonesia,1854-02-01,350
1854-04-01,25.268,Indonesia,1854-04-01,352
1854-05-01,25.348000000000003,Indonesia,1854-05-01,353
1854-06-01,25.163,Indonesia,1854-06-01,354
1854-07-01,25.637,Indonesia,1854-07-01,355
1854-08-01,25.221,Indonesia,1854-08-01,356
1854-09-01,25.027,Indonesia,1854-09-01,357
1854-10-01,25.771,Indonesia,1854-10-01,358
1854-11-01,25.299,Indonesia,1854-11-01,359
1854-12-01,25.267000000000003,Indonesia,1854-12-01,360
1855-01-01,25.872,Indonesia,1855-01-01,361
1855-02-01,25.339,Indonesia,1855-02-01,362
1855-03-01,25.355,Indonesia,1855-03-01,363
1855-04-01,26.177,Indonesia,1855-04-01,364
1855-05-01,26.117,Indonesia,1855-05-01,365
1855-06-01,25.467,Indonesia,1855-06-01,366
1855-07-01,25.086,Indonesia,1855-07-01,367
1855-08-01,25.184,Indonesia,1855-08-01,368
1855-09-01,25.056,Indonesia,1855-09-01,369
1855-10-01,24.527,Indonesia,1855-10-01,370
1855-11-01,24.972,Indonesia,1855-11-01,371
1855-12-01,24.077,Indonesia,1855-12-01,372
1856-01-01,25.569000000000003,Indonesia,1856-01-01,373
1856-02-01,24.832,Indonesia,1856-02-01,374
1856-03-01,25.099,Indonesia,1856-03-01,375
1856-04-01,25.289,Indonesia,1856-04-01,376
1856-05-01,25.307,Indonesia,1856-05-01,377
1856-06-01,26.115,Indonesia,1856-06-01,378
1856-07-01,25.229,Indonesia,1856-07-01,379
1856-08-01,24.94,Indonesia,1856-08-01,380
1856-09-01,24.656,Indonesia,1856-09-01,381
1856-10-01,24.644,Indonesia,1856-10-01,382
1856-11-01,25.012,Indonesia,1856-11-01,383
1856-12-01,24.933000000000003,Indonesia,1856-12-01,384
1866-01-01,25.57,Indonesia,1866-01-01,493
1866-02-01,24.786,Indonesia,1866-02-01,494
1866-03-01,25.313,Indonesia,1866-03-01,495
1866-04-01,25.428,Indonesia,1866-04-01,496
1866-05-01,25.547,Indonesia,1866-05-01,497
1866-06-01,25.291,Indonesia,1866-06-01,498
1866-07-01,25.352,Indonesia,1866-07-01,499
1866-08-01,25.112,Indonesia,1866-08-01,500
1866-09-01,25.263,Indonesia,1866-09-01,501
1866-10-01,24.759,Indonesia,1866-10-01,502
1866-11-01,25.402,Indonesia,1866-11-01,503
1866-12-01,25.314,Indonesia,1866-12-01,504
1867-01-01,25.056,Indonesia,1867-01-01,505
1867-02-01,24.994,Indonesia,1867-02-01,506
1867-03-01,25.258000000000003,Indonesia,1867-03-01,507
1867-04-01,25.481,Indonesia,1867-04-01,508
1867-05-01,25.607,Indonesia,1867-05-01,509
1867-06-01,25.384,Indonesia,1867-06-01,510
1867-07-01,25.261,Indonesia,1867-07-01,511
1867-08-01,25.012,Indonesia,1867-08-01,512
1867-09-01,25.235,Indonesia,1867-09-01,513
1867-10-01,25.301,Indonesia,1867-10-01,514
1867-11-01,26.004,Indonesia,1867-11-01,515
1867-12-01,25.22,Indonesia,1867-12-01,516
1868-01-01,24.806,Indonesia,1868-01-01,517
1868-02-01,24.776,Indonesia,1868-02-01,518
1868-03-01,25.178,Indonesia,1868-03-01,519
1868-04-01,25.528,Indonesia,1868-04-01,520
1868-05-01,25.808000000000003,Indonesia,1868-05-01,521
1868-06-01,25.663,Indonesia,1868-06-01,522
1868-07-01,25.396,Indonesia,1868-07-01,523
1868-08-01,25.312,Indonesia,1868-08-01,524
1868-09-01,25.299,Indonesia,1868-09-01,525
1868-10-01,25.725,Indonesia,1868-10-01,526
1868-11-01,25.206,Indonesia,1868-11-01,527
1868-12-01,25.25500000000001,Indonesia,1868-12-01,528
1869-01-01,25.118,Indonesia,1869-01-01,529
1869-02-01,25.95,Indonesia,1869-02-01,530
1869-03-01,25.475,Indonesia,1869-03-01,531
1869-04-01,25.395,Indonesia,1869-04-01,532
1869-05-01,25.759,Indonesia,1869-05-01,533
1869-06-01,25.509,Indonesia,1869-06-01,534
1869-07-01,25.271,Indonesia,1869-07-01,535
1869-08-01,25.162,Indonesia,1869-08-01,536
1869-09-01,25.413,Indonesia,1869-09-01,537
1869-10-01,25.282,Indonesia,1869-10-01,538
1869-11-01,25.212,Indonesia,1869-11-01,539
1869-12-01,24.516,Indonesia,1869-12-01,540
1870-01-01,24.862,Indonesia,1870-01-01,541
1870-02-01,24.605,Indonesia,1870-02-01,542
1870-03-01,25.193,Indonesia,1870-03-01,543
1870-04-01,25.358,Indonesia,1870-04-01,544
1870-05-01,25.686,Indonesia,1870-05-01,545
1870-06-01,25.509,Indonesia,1870-06-01,546
1870-07-01,25.25,Indonesia,1870-07-01,547
1870-08-01,24.675,Indonesia,1870-08-01,548
1870-09-01,25.02,Indonesia,1870-09-01,549
1870-10-01,24.984,Indonesia,1870-10-01,550
1870-11-01,25.071,Indonesia,1870-11-01,551
1870-12-01,24.269,Indonesia,1870-12-01,552
1871-01-01,24.464,Indonesia,1871-01-01,553
1871-02-01,24.606,Indonesia,1871-02-01,554
1871-03-01,25.121,Indonesia,1871-03-01,555
1871-04-01,25.606,Indonesia,1871-04-01,556
1871-05-01,25.47,Indonesia,1871-05-01,557
1871-06-01,25.159,Indonesia,1871-06-01,558
1871-07-01,24.852,Indonesia,1871-07-01,559
1871-08-01,25.146,Indonesia,1871-08-01,560
1871-09-01,25.057,Indonesia,1871-09-01,561
1871-10-01,25.08,Indonesia,1871-10-01,562
1871-11-01,24.771,Indonesia,1871-11-01,563
1871-12-01,24.675,Indonesia,1871-12-01,564
1872-01-01,24.457,Indonesia,1872-01-01,565
1872-02-01,24.56900000000001,Indonesia,1872-02-01,566
1872-03-01,25.246,Indonesia,1872-03-01,567
1872-04-01,25.611,Indonesia,1872-04-01,568
1872-05-01,25.936,Indonesia,1872-05-01,569
1872-06-01,25.486,Indonesia,1872-06-01,570
1872-07-01,25.122,Indonesia,1872-07-01,571
1872-08-01,25.126,Indonesia,1872-08-01,572
1872-09-01,25.479,Indonesia,1872-09-01,573
1872-10-01,25.489,Indonesia,1872-10-01,574
1872-11-01,25.106,Indonesia,1872-11-01,575
1872-12-01,24.632,Indonesia,1872-12-01,576
1873-01-01,25.085,Indonesia,1873-01-01,577
1873-02-01,25.272,Indonesia,1873-02-01,578
1873-03-01,25.256,Indonesia,1873-03-01,579
1873-04-01,25.135,Indonesia,1873-04-01,580
1873-05-01,25.746,Indonesia,1873-05-01,581
1873-06-01,25.683000000000003,Indonesia,1873-06-01,582
1873-07-01,25.249,Indonesia,1873-07-01,583
1873-08-01,25.239,Indonesia,1873-08-01,584
1873-09-01,25.243,Indonesia,1873-09-01,585
1873-10-01,25.356,Indonesia,1873-10-01,586
1873-11-01,25.545,Indonesia,1873-11-01,587
1873-12-01,25.303,Indonesia,1873-12-01,588
1874-01-01,25.286,Indonesia,1874-01-01,589
1874-02-01,25.48,Indonesia,1874-02-01,590
1874-03-01,25.302,Indonesia,1874-03-01,591
1874-04-01,25.616,Indonesia,1874-04-01,592
1874-05-01,25.988000000000003,Indonesia,1874-05-01,593
1874-06-01,25.398000000000003,Indonesia,1874-06-01,594
1874-07-01,24.817,Indonesia,1874-07-01,595
1874-08-01,25.027,Indonesia,1874-08-01,596
1874-09-01,25.183000000000003,Indonesia,1874-09-01,597
1874-10-01,25.271,Indonesia,1874-10-01,598
1874-11-01,25.083,Indonesia,1874-11-01,599
1874-12-01,24.917,Indonesia,1874-12-01,600
1875-01-01,24.452,Indonesia,1875-01-01,601
1875-02-01,24.827,Indonesia,1875-02-01,602
1875-03-01,24.798,Indonesia,1875-03-01,603
1875-04-01,25.091,Indonesia,1875-04-01,604
1875-05-01,25.217,Indonesia,1875-05-01,605
1875-06-01,25.224,Indonesia,1875-06-01,606
1875-07-01,24.989,Indonesia,1875-07-01,607
1875-08-01,24.934,Indonesia,1875-08-01,608
1875-09-01,25.184,Indonesia,1875-09-01,609
1875-10-01,25.047,Indonesia,1875-10-01,610
1875-11-01,24.647,Indonesia,1875-11-01,611
1875-12-01,24.467,Indonesia,1875-12-01,612
1876-01-01,24.72,Indonesia,1876-01-01,613
1876-02-01,24.999,Indonesia,1876-02-01,614
1876-03-01,25.247,Indonesia,1876-03-01,615
1876-04-01,25.513,Indonesia,1876-04-01,616
1876-05-01,25.39,Indonesia,1876-05-01,617
1876-06-01,25.249,Indonesia,1876-06-01,618
1876-07-01,25.1,Indonesia,1876-07-01,619
1876-08-01,24.915,Indonesia,1876-08-01,620
1876-09-01,25.126,Indonesia,1876-09-01,621
1876-10-01,25.1,Indonesia,1876-10-01,622
1876-11-01,24.881,Indonesia,1876-11-01,623
1876-12-01,24.352,Indonesia,1876-12-01,624
1877-01-01,24.92,Indonesia,1877-01-01,625
1877-02-01,25.096,Indonesia,1877-02-01,626
1877-03-01,25.572,Indonesia,1877-03-01,627
1877-04-01,25.486,Indonesia,1877-04-01,628
1877-05-01,25.787,Indonesia,1877-05-01,629
1877-06-01,25.343000000000004,Indonesia,1877-06-01,630
1877-07-01,25.404,Indonesia,1877-07-01,631
1877-08-01,25.346,Indonesia,1877-08-01,632
1877-09-01,25.518,Indonesia,1877-09-01,633
1877-10-01,25.772,Indonesia,1877-10-01,634
1877-11-01,26.289,Indonesia,1877-11-01,635
1877-12-01,25.264000000000006,Indonesia,1877-12-01,636
1878-01-01,25.43,Indonesia,1878-01-01,637
1878-02-01,26.118,Indonesia,1878-02-01,638
1878-03-01,26.811,Indonesia,1878-03-01,639
1878-04-01,26.313,Indonesia,1878-04-01,640
1878-05-01,25.853,Indonesia,1878-05-01,641
1878-06-01,25.912,Indonesia,1878-06-01,642
1878-07-01,25.696,Indonesia,1878-07-01,643
1878-08-01,25.418000000000003,Indonesia,1878-08-01,644
1878-09-01,25.831,Indonesia,1878-09-01,645
1878-10-01,26.061,Indonesia,1878-10-01,646
1878-11-01,25.905,Indonesia,1878-11-01,647
1878-12-01,25.158,Indonesia,1878-12-01,648
1879-01-01,25.1,Indonesia,1879-01-01,649
1879-02-01,25.3,Indonesia,1879-02-01,650
1879-03-01,25.16,Indonesia,1879-03-01,651
1879-04-01,25.202,Indonesia,1879-04-01,652
1879-05-01,25.252,Indonesia,1879-05-01,653
1879-06-01,25.25,Indonesia,1879-06-01,654
1879-07-01,25.14,Indonesia,1879-07-01,655
1879-08-01,24.648000000000003,Indonesia,1879-08-01,656
1879-09-01,25.054,Indonesia,1879-09-01,657
1879-10-01,25.114,Indonesia,1879-10-01,658
1879-11-01,25.203000000000003,Indonesia,1879-11-01,659
1879-12-01,24.943,Indonesia,1879-12-01,660
1880-01-01,24.496,Indonesia,1880-01-01,661
1880-02-01,25.192,Indonesia,1880-02-01,662
1880-03-01,25.419,Indonesia,1880-03-01,663
1880-04-01,25.06900000000001,Indonesia,1880-04-01,664
1880-05-01,25.729,Indonesia,1880-05-01,665
1880-06-01,25.041,Indonesia,1880-06-01,666
1880-07-01,24.923,Indonesia,1880-07-01,667
1880-08-01,25.382,Indonesia,1880-08-01,668
1880-09-01,25.128,Indonesia,1880-09-01,669
1880-10-01,25.324,Indonesia,1880-10-01,670
1880-11-01,25.418000000000003,Indonesia,1880-11-01,671
1880-12-01,24.759,Indonesia,1880-12-01,672
1881-01-01,25.14,Indonesia,1881-01-01,673
1881-02-01,25.124,Indonesia,1881-02-01,674
1881-03-01,25.539,Indonesia,1881-03-01,675
1881-04-01,25.454,Indonesia,1881-04-01,676
1881-05-01,25.9,Indonesia,1881-05-01,677
1881-06-01,25.252,Indonesia,1881-06-01,678
1881-07-01,25.262,Indonesia,1881-07-01,679
1881-08-01,25.213,Indonesia,1881-08-01,680
1881-09-01,25.253,Indonesia,1881-09-01,681
1881-10-01,25.552000000000003,Indonesia,1881-10-01,682
1881-11-01,25.419,Indonesia,1881-11-01,683
1881-12-01,25.506,Indonesia,1881-12-01,684
1882-01-01,25.917,Indonesia,1882-01-01,685
1882-02-01,25.745,Indonesia,1882-02-01,686
1882-03-01,25.432,Indonesia,1882-03-01,687
1882-04-01,25.564,Indonesia,1882-04-01,688
1882-05-01,25.492,Indonesia,1882-05-01,689
1882-06-01,24.987,Indonesia,1882-06-01,690
1882-07-01,24.938,Indonesia,1882-07-01,691
1882-08-01,24.967,Indonesia,1882-08-01,692
1882-09-01,25.459,Indonesia,1882-09-01,693
1882-10-01,25.195,Indonesia,1882-10-01,694
1882-11-01,25.076,Indonesia,1882-11-01,695
1882-12-01,24.889000000000006,Indonesia,1882-12-01,696
1883-01-01,25.249,Indonesia,1883-01-01,697
1883-02-01,24.873,Indonesia,1883-02-01,698
1883-03-01,25.903,Indonesia,1883-03-01,699
1883-04-01,25.453000000000003,Indonesia,1883-04-01,700
1883-05-01,25.432,Indonesia,1883-05-01,701
1883-06-01,25.692,Indonesia,1883-06-01,702
1883-07-01,25.411,Indonesia,1883-07-01,703
1883-08-01,25.239,Indonesia,1883-08-01,704
1883-09-01,25.294,Indonesia,1883-09-01,705
1883-10-01,25.239,Indonesia,1883-10-01,706
1883-11-01,25.125,Indonesia,1883-11-01,707
1883-12-01,24.752,Indonesia,1883-12-01,708
1884-01-01,24.577,Indonesia,1884-01-01,709
1884-02-01,24.89,Indonesia,1884-02-01,710
1884-03-01,24.856,Indonesia,1884-03-01,711
1884-04-01,25.092,Indonesia,1884-04-01,712
1884-05-01,25.144,Indonesia,1884-05-01,713
1884-06-01,25.067,Indonesia,1884-06-01,714
1884-07-01,24.595,Indonesia,1884-07-01,715
1884-08-01,24.725,Indonesia,1884-08-01,716
1884-09-01,24.928,Indonesia,1884-09-01,717
1884-10-01,25.172,Indonesia,1884-10-01,718
1884-11-01,25.199,Indonesia,1884-11-01,719
1884-12-01,24.918000000000006,Indonesia,1884-12-01,720
1885-01-01,24.962,Indonesia,1885-01-01,721
1885-02-01,25.040000000000006,Indonesia,1885-02-01,722
1885-03-01,25.441,Indonesia,1885-03-01,723
1885-04-01,25.511000000000006,Indonesia,1885-04-01,724
1885-05-01,25.5,Indonesia,1885-05-01,725
1885-06-01,25.095,Indonesia,1885-06-01,726
1885-07-01,24.933000000000003,Indonesia,1885-07-01,727
1885-08-01,25.093000000000004,Indonesia,1885-08-01,728
1885-09-01,25.12,Indonesia,1885-09-01,729
1885-10-01,25.517000000000003,Indonesia,1885-10-01,730
1885-11-01,25.233,Indonesia,1885-11-01,731
1885-12-01,25.13000000000001,Indonesia,1885-12-01,732
1886-01-01,24.867,Indonesia,1886-01-01,733
1886-02-01,24.788,Indonesia,1886-02-01,734
1886-03-01,25.227,Indonesia,1886-03-01,735
1886-04-01,25.343000000000004,Indonesia,1886-04-01,736
1886-05-01,25.582,Indonesia,1886-05-01,737
1886-06-01,25.292,Indonesia,1886-06-01,738
1886-07-01,25.275,Indonesia,1886-07-01,739
1886-08-01,25.14,Indonesia,1886-08-01,740
1886-09-01,25.419,Indonesia,1886-09-01,741
1886-10-01,25.574,Indonesia,1886-10-01,742
1886-11-01,25.146,Indonesia,1886-11-01,743
1886-12-01,24.986,Indonesia,1886-12-01,744
1887-01-01,24.415,Indonesia,1887-01-01,745
1887-02-01,24.679,Indonesia,1887-02-01,746
1887-03-01,24.87,Indonesia,1887-03-01,747
1887-04-01,24.741,Indonesia,1887-04-01,748
1887-05-01,25.193,Indonesia,1887-05-01,749
1887-06-01,24.586,Indonesia,1887-06-01,750
1887-07-01,24.768,Indonesia,1887-07-01,751
1887-08-01,24.587,Indonesia,1887-08-01,752
1887-09-01,24.957,Indonesia,1887-09-01,753
1887-10-01,25.117,Indonesia,1887-10-01,754
1887-11-01,24.968000000000004,Indonesia,1887-11-01,755
1887-12-01,24.703000000000007,Indonesia,1887-12-01,756
1888-01-01,24.241,Indonesia,1888-01-01,757
1888-02-01,24.872,Indonesia,1888-02-01,758
1888-03-01,25.373,Indonesia,1888-03-01,759
1888-04-01,25.491,Indonesia,1888-04-01,760
1888-05-01,25.784,Indonesia,1888-05-01,761
1888-06-01,25.525,Indonesia,1888-06-01,762
1888-07-01,25.205,Indonesia,1888-07-01,763
1888-08-01,25.281,Indonesia,1888-08-01,764
1888-09-01,25.306,Indonesia,1888-09-01,765
1888-10-01,25.85,Indonesia,1888-10-01,766
1888-11-01,25.659,Indonesia,1888-11-01,767
1888-12-01,25.289,Indonesia,1888-12-01,768
1889-01-01,25.624,Indonesia,1889-01-01,769
1889-02-01,25.864,Indonesia,1889-02-01,770
1889-03-01,26.01,Indonesia,1889-03-01,771
1889-04-01,26.398000000000003,Indonesia,1889-04-01,772
1889-05-01,26.347,Indonesia,1889-05-01,773
1889-06-01,25.98,Indonesia,1889-06-01,774
1889-07-01,25.0,Indonesia,1889-07-01,775
1889-08-01,25.322,Indonesia,1889-08-01,776
1889-09-01,25.323,Indonesia,1889-09-01,777
1889-10-01,25.47600000000001,Indonesia,1889-10-01,778
1889-11-01,25.14,Indonesia,1889-11-01,779
1889-12-01,24.979000000000006,Indonesia,1889-12-01,780
1890-01-01,25.241,Indonesia,1890-01-01,781
1890-02-01,25.071,Indonesia,1890-02-01,782
1890-03-01,25.257,Indonesia,1890-03-01,783
1890-04-01,25.241,Indonesia,1890-04-01,784
1890-05-01,25.245,Indonesia,1890-05-01,785
1890-06-01,25.07,Indonesia,1890-06-01,786
1890-07-01,24.766,Indonesia,1890-07-01,787
1890-08-01,24.646,Indonesia,1890-08-01,788
1890-09-01,24.984,Indonesia,1890-09-01,789
1890-10-01,25.048,Indonesia,1890-10-01,790
1890-11-01,24.94,Indonesia,1890-11-01,791
1890-12-01,24.888,Indonesia,1890-12-01,792
1891-01-01,24.845,Indonesia,1891-01-01,793
1891-02-01,24.899,Indonesia,1891-02-01,794
1891-03-01,25.277,Indonesia,1891-03-01,795
1891-04-01,25.292,Indonesia,1891-04-01,796
1891-05-01,25.707,Indonesia,1891-05-01,797
1891-06-01,25.363000000000003,Indonesia,1891-06-01,798
1891-07-01,24.803,Indonesia,1891-07-01,799
1891-08-01,24.591,Indonesia,1891-08-01,800
1891-09-01,25.267,Indonesia,1891-09-01,801
1891-10-01,25.49,Indonesia,1891-10-01,802
1891-11-01,25.371,Indonesia,1891-11-01,803
1891-12-01,25.290000000000006,Indonesia,1891-12-01,804
1892-01-01,25.044,Indonesia,1892-01-01,805
1892-02-01,25.288,Indonesia,1892-02-01,806
1892-03-01,25.265,Indonesia,1892-03-01,807
1892-04-01,25.086,Indonesia,1892-04-01,808
1892-05-01,25.233,Indonesia,1892-05-01,809
1892-06-01,25.687,Indonesia,1892-06-01,810
1892-07-01,25.258000000000003,Indonesia,1892-07-01,811
1892-08-01,24.802,Indonesia,1892-08-01,812
1892-09-01,25.439,Indonesia,1892-09-01,813
1892-10-01,25.528,Indonesia,1892-10-01,814
1892-11-01,24.912,Indonesia,1892-11-01,815
1892-12-01,25.135,Indonesia,1892-12-01,816
1893-01-01,24.273000000000003,Indonesia,1893-01-01,817
1893-02-01,24.664,Indonesia,1893-02-01,818
1893-03-01,25.25,Indonesia,1893-03-01,819
1893-04-01,25.44400000000001,Indonesia,1893-04-01,820
1893-05-01,25.467,Indonesia,1893-05-01,821
1893-06-01,25.06,Indonesia,1893-06-01,822
1893-07-01,25.058000000000003,Indonesia,1893-07-01,823
1893-08-01,24.778,Indonesia,1893-08-01,824
1893-09-01,25.266,Indonesia,1893-09-01,825
1893-10-01,25.175,Indonesia,1893-10-01,826
1893-11-01,25.428,Indonesia,1893-11-01,827
1893-12-01,24.956000000000003,Indonesia,1893-12-01,828
1894-01-01,24.479,Indonesia,1894-01-01,829
1894-02-01,25.087,Indonesia,1894-02-01,830
1894-03-01,25.244,Indonesia,1894-03-01,831
1894-04-01,25.278,Indonesia,1894-04-01,832
1894-05-01,25.148000000000003,Indonesia,1894-05-01,833
1894-06-01,24.865,Indonesia,1894-06-01,834
1894-07-01,24.76,Indonesia,1894-07-01,835
1894-08-01,24.959,Indonesia,1894-08-01,836
1894-09-01,25.216,Indonesia,1894-09-01,837
1894-10-01,25.447000000000006,Indonesia,1894-10-01,838
1894-11-01,25.002,Indonesia,1894-11-01,839
1894-12-01,25.056,Indonesia,1894-12-01,840
1895-01-01,25.012,Indonesia,1895-01-01,841
1895-02-01,24.851,Indonesia,1895-02-01,842
1895-03-01,25.166,Indonesia,1895-03-01,843
1895-04-01,25.387,Indonesia,1895-04-01,844
1895-05-01,25.606,Indonesia,1895-05-01,845
1895-06-01,25.407,Indonesia,1895-06-01,846
1895-07-01,24.946,Indonesia,1895-07-01,847
1895-08-01,24.768,Indonesia,1895-08-01,848
1895-09-01,25.468000000000004,Indonesia,1895-09-01,849
1895-10-01,25.458,Indonesia,1895-10-01,850
1895-11-01,25.31,Indonesia,1895-11-01,851
1895-12-01,25.137,Indonesia,1895-12-01,852
1896-01-01,24.683000000000003,Indonesia,1896-01-01,853
1896-02-01,25.122,Indonesia,1896-02-01,854
1896-03-01,25.317,Indonesia,1896-03-01,855
1896-04-01,25.337,Indonesia,1896-04-01,856
1896-05-01,25.611,Indonesia,1896-05-01,857
1896-06-01,25.168000000000003,Indonesia,1896-06-01,858
1896-07-01,24.875,Indonesia,1896-07-01,859
1896-08-01,25.159,Indonesia,1896-08-01,860
1896-09-01,25.338,Indonesia,1896-09-01,861
1896-10-01,25.290000000000006,Indonesia,1896-10-01,862
1896-11-01,25.721,Indonesia,1896-11-01,863
1896-12-01,25.399,Indonesia,1896-12-01,864
1897-01-01,25.493,Indonesia,1897-01-01,865
1897-02-01,25.937,Indonesia,1897-02-01,866
1897-03-01,25.841,Indonesia,1897-03-01,867
1897-04-01,25.754,Indonesia,1897-04-01,868
1897-05-01,25.84,Indonesia,1897-05-01,869
1897-06-01,26.071,Indonesia,1897-06-01,870
1897-07-01,25.563,Indonesia,1897-07-01,871
1897-08-01,25.615,Indonesia,1897-08-01,872
1897-09-01,25.445,Indonesia,1897-09-01,873
1897-10-01,25.606,Indonesia,1897-10-01,874
1897-11-01,25.592,Indonesia,1897-11-01,875
1897-12-01,25.376,Indonesia,1897-12-01,876
1898-01-01,25.273000000000003,Indonesia,1898-01-01,877
1898-02-01,25.341,Indonesia,1898-02-01,878
1898-03-01,25.072,Indonesia,1898-03-01,879
1898-04-01,25.432,Indonesia,1898-04-01,880
1898-05-01,25.593000000000004,Indonesia,1898-05-01,881
1898-06-01,25.637,Indonesia,1898-06-01,882
1898-07-01,24.961,Indonesia,1898-07-01,883
1898-08-01,25.273000000000003,Indonesia,1898-08-01,884
1898-09-01,25.249,Indonesia,1898-09-01,885
1898-10-01,25.418000000000006,Indonesia,1898-10-01,886
1898-11-01,25.282,Indonesia,1898-11-01,887
1898-12-01,25.103,Indonesia,1898-12-01,888
1899-01-01,25.165,Indonesia,1899-01-01,889
1899-02-01,25.033,Indonesia,1899-02-01,890
1899-03-01,24.784,Indonesia,1899-03-01,891
1899-04-01,25.16,Indonesia,1899-04-01,892
1899-05-01,25.687,Indonesia,1899-05-01,893
1899-06-01,24.9,Indonesia,1899-06-01,894
1899-07-01,25.102,Indonesia,1899-07-01,895
1899-08-01,25.084,Indonesia,1899-08-01,896
1899-09-01,25.192,Indonesia,1899-09-01,897
1899-10-01,25.508000000000006,Indonesia,1899-10-01,898
1899-11-01,25.443,Indonesia,1899-11-01,899
1899-12-01,24.905,Indonesia,1899-12-01,900
1900-01-01,25.404,Indonesia,1900-01-01,901
1900-02-01,25.373,Indonesia,1900-02-01,902
1900-03-01,25.842,Indonesia,1900-03-01,903
1900-04-01,26.225,Indonesia,1900-04-01,904
1900-05-01,26.369,Indonesia,1900-05-01,905
1900-06-01,25.776,Indonesia,1900-06-01,906
1900-07-01,25.329,Indonesia,1900-07-01,907
1900-08-01,25.613000000000003,Indonesia,1900-08-01,908
1900-09-01,26.056,Indonesia,1900-09-01,909
1900-10-01,25.781,Indonesia,1900-10-01,910
1900-11-01,25.513,Indonesia,1900-11-01,911
1900-12-01,25.534,Indonesia,1900-12-01,912
1901-01-01,25.483,Indonesia,1901-01-01,913
1901-02-01,25.329,Indonesia,1901-02-01,914
1901-03-01,25.599,Indonesia,1901-03-01,915
1901-04-01,25.983,Indonesia,1901-04-01,916
1901-05-01,25.893,Indonesia,1901-05-01,917
1901-06-01,25.888,Indonesia,1901-06-01,918
1901-07-01,25.048,Indonesia,1901-07-01,919
1901-08-01,24.746,Indonesia,1901-08-01,920
1901-09-01,25.245,Indonesia,1901-09-01,921
1901-10-01,25.571,Indonesia,1901-10-01,922
1901-11-01,25.105,Indonesia,1901-11-01,923
1901-12-01,24.81900000000001,Indonesia,1901-12-01,924
1902-01-01,24.977,Indonesia,1902-01-01,925
1902-02-01,25.085,Indonesia,1902-02-01,926
1902-03-01,25.191,Indonesia,1902-03-01,927
1902-04-01,25.48,Indonesia,1902-04-01,928
1902-05-01,25.661,Indonesia,1902-05-01,929
1902-06-01,25.541,Indonesia,1902-06-01,930
1902-07-01,25.225,Indonesia,1902-07-01,931
1902-08-01,25.07,Indonesia,1902-08-01,932
1902-09-01,24.942,Indonesia,1902-09-01,933
1902-10-01,25.068,Indonesia,1902-10-01,934
1902-11-01,25.086,Indonesia,1902-11-01,935
1902-12-01,25.139000000000006,Indonesia,1902-12-01,936
1903-01-01,25.665,Indonesia,1903-01-01,937
1903-02-01,25.465,Indonesia,1903-02-01,938
1903-03-01,25.436,Indonesia,1903-03-01,939
1903-04-01,25.589,Indonesia,1903-04-01,940
1903-05-01,25.792,Indonesia,1903-05-01,941
1903-06-01,25.435,Indonesia,1903-06-01,942
1903-07-01,25.323,Indonesia,1903-07-01,943
1903-08-01,25.368,Indonesia,1903-08-01,944
1903-09-01,25.468000000000004,Indonesia,1903-09-01,945
1903-10-01,25.362,Indonesia,1903-10-01,946
1903-11-01,25.332,Indonesia,1903-11-01,947
1903-12-01,24.841,Indonesia,1903-12-01,948
1904-01-01,24.624,Indonesia,1904-01-01,949
1904-02-01,24.971,Indonesia,1904-02-01,950
1904-03-01,25.108,Indonesia,1904-03-01,951
1904-04-01,24.668000000000003,Indonesia,1904-04-01,952
1904-05-01,25.386,Indonesia,1904-05-01,953
1904-06-01,24.963,Indonesia,1904-06-01,954
1904-07-01,25.236,Indonesia,1904-07-01,955
1904-08-01,24.919,Indonesia,1904-08-01,956
1904-09-01,25.12,Indonesia,1904-09-01,957
1904-10-01,25.17,Indonesia,1904-10-01,958
1904-11-01,25.256,Indonesia,1904-11-01,959
1904-12-01,24.931,Indonesia,1904-12-01,960
1905-01-01,25.172,Indonesia,1905-01-01,961
1905-02-01,25.121,Indonesia,1905-02-01,962
1905-03-01,26.118,Indonesia,1905-03-01,963
1905-04-01,25.899,Indonesia,1905-04-01,964
1905-05-01,25.937,Indonesia,1905-05-01,965
1905-06-01,26.253,Indonesia,1905-06-01,966
1905-07-01,25.515,Indonesia,1905-07-01,967
1905-08-01,25.406,Indonesia,1905-08-01,968
1905-09-01,25.651,Indonesia,1905-09-01,969
1905-10-01,25.872,Indonesia,1905-10-01,970
1905-11-01,25.769,Indonesia,1905-11-01,971
1905-12-01,25.475,Indonesia,1905-12-01,972
1906-01-01,25.585,Indonesia,1906-01-01,973
1906-02-01,25.855,Indonesia,1906-02-01,974
1906-03-01,26.108,Indonesia,1906-03-01,975
1906-04-01,25.946,Indonesia,1906-04-01,976
1906-05-01,26.135,Indonesia,1906-05-01,977
1906-06-01,25.664,Indonesia,1906-06-01,978
1906-07-01,25.395,Indonesia,1906-07-01,979
1906-08-01,25.16,Indonesia,1906-08-01,980
1906-09-01,25.583,Indonesia,1906-09-01,981
1906-10-01,25.597,Indonesia,1906-10-01,982
1906-11-01,25.62,Indonesia,1906-11-01,983
1906-12-01,25.200000000000006,Indonesia,1906-12-01,984
1907-01-01,25.225,Indonesia,1907-01-01,985
1907-02-01,25.074,Indonesia,1907-02-01,986
1907-03-01,25.118,Indonesia,1907-03-01,987
1907-04-01,25.562,Indonesia,1907-04-01,988
1907-05-01,25.693,Indonesia,1907-05-01,989
1907-06-01,25.373,Indonesia,1907-06-01,990
1907-07-01,25.03,Indonesia,1907-07-01,991
1907-08-01,25.011,Indonesia,1907-08-01,992
1907-09-01,25.079,Indonesia,1907-09-01,993
1907-10-01,25.3,Indonesia,1907-10-01,994
1907-11-01,25.418000000000003,Indonesia,1907-11-01,995
1907-12-01,25.088,Indonesia,1907-12-01,996
1908-01-01,25.434,Indonesia,1908-01-01,997
1908-02-01,25.614,Indonesia,1908-02-01,998
1908-03-01,25.626,Indonesia,1908-03-01,999
1908-04-01,25.71,Indonesia,1908-04-01,1000
1908-05-01,25.905,Indonesia,1908-05-01,1001
1908-06-01,25.233,Indonesia,1908-06-01,1002
1908-07-01,24.705,Indonesia,1908-07-01,1003
1908-08-01,25.26,Indonesia,1908-08-01,1004
1908-09-01,25.31,Indonesia,1908-09-01,1005
1908-10-01,25.4,Indonesia,1908-10-01,1006
1908-11-01,25.122,Indonesia,1908-11-01,1007
1908-12-01,24.866,Indonesia,1908-12-01,1008
1909-01-01,25.498,Indonesia,1909-01-01,1009
1909-02-01,25.489,Indonesia,1909-02-01,1010
1909-03-01,25.398000000000003,Indonesia,1909-03-01,1011
1909-04-01,25.647,Indonesia,1909-04-01,1012
1909-05-01,25.919,Indonesia,1909-05-01,1013
1909-06-01,25.391,Indonesia,1909-06-01,1014
1909-07-01,25.462,Indonesia,1909-07-01,1015
1909-08-01,25.233,Indonesia,1909-08-01,1016
1909-09-01,25.576,Indonesia,1909-09-01,1017
1909-10-01,25.493,Indonesia,1909-10-01,1018
1909-11-01,25.143,Indonesia,1909-11-01,1019
1909-12-01,25.014000000000006,Indonesia,1909-12-01,1020
1910-01-01,25.422,Indonesia,1910-01-01,1021
1910-02-01,25.104000000000006,Indonesia,1910-02-01,1022
1910-03-01,25.356,Indonesia,1910-03-01,1023
1910-04-01,25.236,Indonesia,1910-04-01,1024
1910-05-01,25.721,Indonesia,1910-05-01,1025
1910-06-01,25.31,Indonesia,1910-06-01,1026
1910-07-01,25.679,Indonesia,1910-07-01,1027
1910-08-01,25.316,Indonesia,1910-08-01,1028
1910-09-01,25.558000000000003,Indonesia,1910-09-01,1029
1910-10-01,25.771,Indonesia,1910-10-01,1030
1910-11-01,25.232,Indonesia,1910-11-01,1031
1910-12-01,25.164,Indonesia,1910-12-01,1032
1911-01-01,25.354,Indonesia,1911-01-01,1033
1911-02-01,25.373,Indonesia,1911-02-01,1034
1911-03-01,25.895,Indonesia,1911-03-01,1035
1911-04-01,25.548,Indonesia,1911-04-01,1036
1911-05-01,25.628,Indonesia,1911-05-01,1037
1911-06-01,25.36,Indonesia,1911-06-01,1038
1911-07-01,25.115,Indonesia,1911-07-01,1039
1911-08-01,24.879,Indonesia,1911-08-01,1040
1911-09-01,25.23,Indonesia,1911-09-01,1041
1911-10-01,25.279,Indonesia,1911-10-01,1042
1911-11-01,25.398000000000003,Indonesia,1911-11-01,1043
1911-12-01,25.257,Indonesia,1911-12-01,1044
1912-01-01,25.468000000000004,Indonesia,1912-01-01,1045
1912-02-01,25.659,Indonesia,1912-02-01,1046
1912-03-01,25.482,Indonesia,1912-03-01,1047
1912-04-01,26.040000000000006,Indonesia,1912-04-01,1048
1912-05-01,26.079,Indonesia,1912-05-01,1049
1912-06-01,25.853,Indonesia,1912-06-01,1050
1912-07-01,25.271,Indonesia,1912-07-01,1051
1912-08-01,24.861,Indonesia,1912-08-01,1052
1912-09-01,25.533,Indonesia,1912-09-01,1053
1912-10-01,25.318,Indonesia,1912-10-01,1054
1912-11-01,25.273000000000003,Indonesia,1912-11-01,1055
1912-12-01,25.151,Indonesia,1912-12-01,1056
1913-01-01,25.317,Indonesia,1913-01-01,1057
1913-02-01,25.559,Indonesia,1913-02-01,1058
1913-03-01,25.465,Indonesia,1913-03-01,1059
1913-04-01,25.143,Indonesia,1913-04-01,1060
1913-05-01,25.462,Indonesia,1913-05-01,1061
1913-06-01,25.184,Indonesia,1913-06-01,1062
1913-07-01,24.839,Indonesia,1913-07-01,1063
1913-08-01,24.989,Indonesia,1913-08-01,1064
1913-09-01,25.103,Indonesia,1913-09-01,1065
1913-10-01,25.152,Indonesia,1913-10-01,1066
1913-11-01,25.366,Indonesia,1913-11-01,1067
1913-12-01,25.34,Indonesia,1913-12-01,1068
1914-01-01,25.456,Indonesia,1914-01-01,1069
1914-02-01,25.619,Indonesia,1914-02-01,1070
1914-03-01,25.714,Indonesia,1914-03-01,1071
1914-04-01,25.686,Indonesia,1914-04-01,1072
1914-05-01,26.055,Indonesia,1914-05-01,1073
1914-06-01,25.335,Indonesia,1914-06-01,1074
1914-07-01,24.959,Indonesia,1914-07-01,1075
1914-08-01,24.793000000000003,Indonesia,1914-08-01,1076
1914-09-01,25.266,Indonesia,1914-09-01,1077
1914-10-01,25.247,Indonesia,1914-10-01,1078
1914-11-01,25.675,Indonesia,1914-11-01,1079
1914-12-01,25.632,Indonesia,1914-12-01,1080
1915-01-01,25.757,Indonesia,1915-01-01,1081
1915-02-01,25.99,Indonesia,1915-02-01,1082
1915-03-01,26.081,Indonesia,1915-03-01,1083
1915-04-01,25.715,Indonesia,1915-04-01,1084
1915-05-01,26.355,Indonesia,1915-05-01,1085
1915-06-01,25.865,Indonesia,1915-06-01,1086
1915-07-01,25.449,Indonesia,1915-07-01,1087
1915-08-01,25.563,Indonesia,1915-08-01,1088
1915-09-01,25.52,Indonesia,1915-09-01,1089
1915-10-01,25.715,Indonesia,1915-10-01,1090
1915-11-01,25.533,Indonesia,1915-11-01,1091
1915-12-01,25.136000000000006,Indonesia,1915-12-01,1092
1916-01-01,25.294,Indonesia,1916-01-01,1093
1916-02-01,25.487,Indonesia,1916-02-01,1094
1916-03-01,25.529,Indonesia,1916-03-01,1095
1916-04-01,25.540000000000006,Indonesia,1916-04-01,1096
1916-05-01,25.489,Indonesia,1916-05-01,1097
1916-06-01,25.318,Indonesia,1916-06-01,1098
1916-07-01,25.173,Indonesia,1916-07-01,1099
1916-08-01,25.326,Indonesia,1916-08-01,1100
1916-09-01,25.465,Indonesia,1916-09-01,1101
1916-10-01,25.542,Indonesia,1916-10-01,1102
1916-11-01,25.317,Indonesia,1916-11-01,1103
1916-12-01,24.96,Indonesia,1916-12-01,1104
1917-01-01,24.934,Indonesia,1917-01-01,1105
1917-02-01,25.19100000000001,Indonesia,1917-02-01,1106
1917-03-01,25.49,Indonesia,1917-03-01,1107
1917-04-01,25.429,Indonesia,1917-04-01,1108
1917-05-01,25.476,Indonesia,1917-05-01,1109
1917-06-01,25.26,Indonesia,1917-06-01,1110
1917-07-01,25.172,Indonesia,1917-07-01,1111
1917-08-01,25.389,Indonesia,1917-08-01,1112
1917-09-01,25.566,Indonesia,1917-09-01,1113
1917-10-01,25.200000000000006,Indonesia,1917-10-01,1114
1917-11-01,25.456,Indonesia,1917-11-01,1115
1917-12-01,24.646,Indonesia,1917-12-01,1116
1918-01-01,24.612,Indonesia,1918-01-01,1117
1918-02-01,24.813,Indonesia,1918-02-01,1118
1918-03-01,25.22,Indonesia,1918-03-01,1119
1918-04-01,25.031,Indonesia,1918-04-01,1120
1918-05-01,25.235,Indonesia,1918-05-01,1121
1918-06-01,24.564,Indonesia,1918-06-01,1122
1918-07-01,25.016,Indonesia,1918-07-01,1123
1918-08-01,25.06,Indonesia,1918-08-01,1124
1918-09-01,25.144,Indonesia,1918-09-01,1125
1918-10-01,25.296000000000006,Indonesia,1918-10-01,1126
1918-11-01,25.585,Indonesia,1918-11-01,1127
1918-12-01,25.268,Indonesia,1918-12-01,1128
1919-01-01,25.491,Indonesia,1919-01-01,1129
1919-02-01,25.97,Indonesia,1919-02-01,1130
1919-03-01,25.91,Indonesia,1919-03-01,1131
1919-04-01,25.789,Indonesia,1919-04-01,1132
1919-05-01,25.894,Indonesia,1919-05-01,1133
1919-06-01,25.31,Indonesia,1919-06-01,1134
1919-07-01,24.634,Indonesia,1919-07-01,1135
1919-08-01,25.253,Indonesia,1919-08-01,1136
1919-09-01,25.291,Indonesia,1919-09-01,1137
1919-10-01,25.232000000000006,Indonesia,1919-10-01,1138
1919-11-01,25.212,Indonesia,1919-11-01,1139
1919-12-01,25.254,Indonesia,1919-12-01,1140
1920-01-01,25.484,Indonesia,1920-01-01,1141
1920-02-01,25.4,Indonesia,1920-02-01,1142
1920-03-01,25.578000000000003,Indonesia,1920-03-01,1143
1920-04-01,25.654,Indonesia,1920-04-01,1144
1920-05-01,25.688,Indonesia,1920-05-01,1145
1920-06-01,25.709,Indonesia,1920-06-01,1146
1920-07-01,25.577,Indonesia,1920-07-01,1147
1920-08-01,25.303,Indonesia,1920-08-01,1148
1920-09-01,25.529,Indonesia,1920-09-01,1149
1920-10-01,25.245,Indonesia,1920-10-01,1150
1920-11-01,25.675,Indonesia,1920-11-01,1151
1920-12-01,25.42,Indonesia,1920-12-01,1152
1921-01-01,25.356,Indonesia,1921-01-01,1153
1921-02-01,25.459,Indonesia,1921-02-01,1154
1921-03-01,25.58,Indonesia,1921-03-01,1155
1921-04-01,25.215,Indonesia,1921-04-01,1156
1921-05-01,25.54,Indonesia,1921-05-01,1157
1921-06-01,25.483,Indonesia,1921-06-01,1158
1921-07-01,25.173,Indonesia,1921-07-01,1159
1921-08-01,25.291,Indonesia,1921-08-01,1160
1921-09-01,25.41,Indonesia,1921-09-01,1161
1921-10-01,25.47600000000001,Indonesia,1921-10-01,1162
1921-11-01,25.329,Indonesia,1921-11-01,1163
1921-12-01,25.328000000000007,Indonesia,1921-12-01,1164
1922-01-01,25.454,Indonesia,1922-01-01,1165
1922-02-01,25.506,Indonesia,1922-02-01,1166
1922-03-01,25.338,Indonesia,1922-03-01,1167
1922-04-01,25.46,Indonesia,1922-04-01,1168
1922-05-01,25.505,Indonesia,1922-05-01,1169
1922-06-01,25.351,Indonesia,1922-06-01,1170
1922-07-01,25.042,Indonesia,1922-07-01,1171
1922-08-01,24.822,Indonesia,1922-08-01,1172
1922-09-01,25.346,Indonesia,1922-09-01,1173
1922-10-01,25.384,Indonesia,1922-10-01,1174
1922-11-01,25.555,Indonesia,1922-11-01,1175
1922-12-01,25.437,Indonesia,1922-12-01,1176
1923-01-01,25.224,Indonesia,1923-01-01,1177
1923-02-01,25.447000000000006,Indonesia,1923-02-01,1178
1923-03-01,25.281,Indonesia,1923-03-01,1179
1923-04-01,25.491,Indonesia,1923-04-01,1180
1923-05-01,25.512,Indonesia,1923-05-01,1181
1923-06-01,25.485,Indonesia,1923-06-01,1182
1923-07-01,24.638,Indonesia,1923-07-01,1183
1923-08-01,24.745,Indonesia,1923-08-01,1184
1923-09-01,25.008000000000003,Indonesia,1923-09-01,1185
1923-10-01,25.435,Indonesia,1923-10-01,1186
1923-11-01,25.793000000000003,Indonesia,1923-11-01,1187
1923-12-01,25.683000000000003,Indonesia,1923-12-01,1188
1924-01-01,25.662,Indonesia,1924-01-01,1189
1924-02-01,25.82,Indonesia,1924-02-01,1190
1924-03-01,25.72,Indonesia,1924-03-01,1191
1924-04-01,25.597,Indonesia,1924-04-01,1192
1924-05-01,25.715,Indonesia,1924-05-01,1193
1924-06-01,25.5,Indonesia,1924-06-01,1194
1924-07-01,25.244,Indonesia,1924-07-01,1195
1924-08-01,25.424,Indonesia,1924-08-01,1196
1924-09-01,25.504,Indonesia,1924-09-01,1197
1924-10-01,25.519,Indonesia,1924-10-01,1198
1924-11-01,25.5,Indonesia,1924-11-01,1199
1924-12-01,25.139000000000006,Indonesia,1924-12-01,1200
1925-01-01,25.401,Indonesia,1925-01-01,1201
1925-02-01,25.234,Indonesia,1925-02-01,1202
1925-03-01,25.192,Indonesia,1925-03-01,1203
1925-04-01,25.311,Indonesia,1925-04-01,1204
1925-05-01,25.579,Indonesia,1925-05-01,1205
1925-06-01,25.285,Indonesia,1925-06-01,1206
1925-07-01,24.912,Indonesia,1925-07-01,1207
1925-08-01,25.001,Indonesia,1925-08-01,1208
1925-09-01,25.441,Indonesia,1925-09-01,1209
1925-10-01,25.393,Indonesia,1925-10-01,1210
1925-11-01,25.749,Indonesia,1925-11-01,1211
1925-12-01,25.659,Indonesia,1925-12-01,1212
1926-01-01,25.411,Indonesia,1926-01-01,1213
1926-02-01,25.899,Indonesia,1926-02-01,1214
1926-03-01,26.128,Indonesia,1926-03-01,1215
1926-04-01,26.303,Indonesia,1926-04-01,1216
1926-05-01,26.383000000000003,Indonesia,1926-05-01,1217
1926-06-01,25.686,Indonesia,1926-06-01,1218
1926-07-01,25.218000000000004,Indonesia,1926-07-01,1219
1926-08-01,25.567,Indonesia,1926-08-01,1220
1926-09-01,25.567,Indonesia,1926-09-01,1221
1926-10-01,25.748,Indonesia,1926-10-01,1222
1926-11-01,26.062,Indonesia,1926-11-01,1223
1926-12-01,25.555,Indonesia,1926-12-01,1224
1927-01-01,25.578000000000003,Indonesia,1927-01-01,1225
1927-02-01,25.853,Indonesia,1927-02-01,1226
1927-03-01,25.835,Indonesia,1927-03-01,1227
1927-04-01,25.621,Indonesia,1927-04-01,1228
1927-05-01,25.802,Indonesia,1927-05-01,1229
1927-06-01,25.531,Indonesia,1927-06-01,1230
1927-07-01,25.433000000000003,Indonesia,1927-07-01,1231
1927-08-01,25.234,Indonesia,1927-08-01,1232
1927-09-01,25.4,Indonesia,1927-09-01,1233
1927-10-01,25.63000000000001,Indonesia,1927-10-01,1234
1927-11-01,25.798,Indonesia,1927-11-01,1235
1927-12-01,25.877,Indonesia,1927-12-01,1236
1928-01-01,25.777,Indonesia,1928-01-01,1237
1928-02-01,26.068,Indonesia,1928-02-01,1238
1928-03-01,25.86,Indonesia,1928-03-01,1239
1928-04-01,25.751,Indonesia,1928-04-01,1240
1928-05-01,26.02,Indonesia,1928-05-01,1241
1928-06-01,25.467,Indonesia,1928-06-01,1242
1928-07-01,25.278,Indonesia,1928-07-01,1243
1928-08-01,25.396,Indonesia,1928-08-01,1244
1928-09-01,25.719,Indonesia,1928-09-01,1245
1928-10-01,25.719,Indonesia,1928-10-01,1246
1928-11-01,25.764,Indonesia,1928-11-01,1247
1928-12-01,25.608,Indonesia,1928-12-01,1248
1929-01-01,25.344,Indonesia,1929-01-01,1249
1929-02-01,25.515,Indonesia,1929-02-01,1250
1929-03-01,25.731,Indonesia,1929-03-01,1251
1929-04-01,25.546,Indonesia,1929-04-01,1252
1929-05-01,25.602,Indonesia,1929-05-01,1253
1929-06-01,25.258000000000003,Indonesia,1929-06-01,1254
1929-07-01,25.099,Indonesia,1929-07-01,1255
1929-08-01,25.304,Indonesia,1929-08-01,1256
1929-09-01,25.569000000000003,Indonesia,1929-09-01,1257
1929-10-01,25.605,Indonesia,1929-10-01,1258
1929-11-01,25.764,Indonesia,1929-11-01,1259
1929-12-01,25.443,Indonesia,1929-12-01,1260
1930-01-01,25.636,Indonesia,1930-01-01,1261
1930-02-01,25.631,Indonesia,1930-02-01,1262
1930-03-01,25.909,Indonesia,1930-03-01,1263
1930-04-01,25.733,Indonesia,1930-04-01,1264
1930-05-01,26.028,Indonesia,1930-05-01,1265
1930-06-01,25.219,Indonesia,1930-06-01,1266
1930-07-01,25.521,Indonesia,1930-07-01,1267
1930-08-01,25.487,Indonesia,1930-08-01,1268
1930-09-01,25.537,Indonesia,1930-09-01,1269
1930-10-01,25.734,Indonesia,1930-10-01,1270
1930-11-01,25.817,Indonesia,1930-11-01,1271
1930-12-01,25.729000000000006,Indonesia,1930-12-01,1272
1931-01-01,25.98,Indonesia,1931-01-01,1273
1931-02-01,26.196,Indonesia,1931-02-01,1274
1931-03-01,26.207,Indonesia,1931-03-01,1275
1931-04-01,25.985,Indonesia,1931-04-01,1276
1931-05-01,26.41,Indonesia,1931-05-01,1277
1931-06-01,26.07,Indonesia,1931-06-01,1278
1931-07-01,25.314,Indonesia,1931-07-01,1279
1931-08-01,25.892,Indonesia,1931-08-01,1280
1931-09-01,25.933000000000003,Indonesia,1931-09-01,1281
1931-10-01,25.805000000000003,Indonesia,1931-10-01,1282
1931-11-01,25.713,Indonesia,1931-11-01,1283
1931-12-01,25.735000000000007,Indonesia,1931-12-01,1284
1932-01-01,25.616,Indonesia,1932-01-01,1285
1932-02-01,25.78,Indonesia,1932-02-01,1286
1932-03-01,25.758000000000003,Indonesia,1932-03-01,1287
1932-04-01,25.917,Indonesia,1932-04-01,1288
1932-05-01,25.949,Indonesia,1932-05-01,1289
1932-06-01,25.775,Indonesia,1932-06-01,1290
1932-07-01,25.235,Indonesia,1932-07-01,1291
1932-08-01,25.393,Indonesia,1932-08-01,1292
1932-09-01,25.688,Indonesia,1932-09-01,1293
1932-10-01,25.811,Indonesia,1932-10-01,1294
1932-11-01,25.768,Indonesia,1932-11-01,1295
1932-12-01,25.477,Indonesia,1932-12-01,1296
1933-01-01,25.686,Indonesia,1933-01-01,1297
1933-02-01,25.53700000000001,Indonesia,1933-02-01,1298
1933-03-01,25.735,Indonesia,1933-03-01,1299
1933-04-01,25.721,Indonesia,1933-04-01,1300
1933-05-01,26.127,Indonesia,1933-05-01,1301
1933-06-01,25.636,Indonesia,1933-06-01,1302
1933-07-01,25.285,Indonesia,1933-07-01,1303
1933-08-01,25.754,Indonesia,1933-08-01,1304
1933-09-01,25.658,Indonesia,1933-09-01,1305
1933-10-01,25.512,Indonesia,1933-10-01,1306
1933-11-01,25.674,Indonesia,1933-11-01,1307
1933-12-01,25.315,Indonesia,1933-12-01,1308
1934-01-01,25.174,Indonesia,1934-01-01,1309
1934-02-01,25.231,Indonesia,1934-02-01,1310
1934-03-01,25.349,Indonesia,1934-03-01,1311
1934-04-01,25.799,Indonesia,1934-04-01,1312
1934-05-01,25.917,Indonesia,1934-05-01,1313
1934-06-01,25.637,Indonesia,1934-06-01,1314
1934-07-01,25.599,Indonesia,1934-07-01,1315
1934-08-01,25.317,Indonesia,1934-08-01,1316
1934-09-01,25.622,Indonesia,1934-09-01,1317
1934-10-01,25.807,Indonesia,1934-10-01,1318
1934-11-01,25.699,Indonesia,1934-11-01,1319
1934-12-01,25.651,Indonesia,1934-12-01,1320
1935-01-01,25.722,Indonesia,1935-01-01,1321
1935-02-01,26.001,Indonesia,1935-02-01,1322
1935-03-01,25.919,Indonesia,1935-03-01,1323
1935-04-01,25.66200000000001,Indonesia,1935-04-01,1324
1935-05-01,25.839,Indonesia,1935-05-01,1325
1935-06-01,25.424,Indonesia,1935-06-01,1326
1935-07-01,25.062,Indonesia,1935-07-01,1327
1935-08-01,25.323,Indonesia,1935-08-01,1328
1935-09-01,25.642,Indonesia,1935-09-01,1329
1935-10-01,25.699,Indonesia,1935-10-01,1330
1935-11-01,25.498,Indonesia,1935-11-01,1331
1935-12-01,25.744,Indonesia,1935-12-01,1332
1936-01-01,25.431,Indonesia,1936-01-01,1333
1936-02-01,25.96,Indonesia,1936-02-01,1334
1936-03-01,25.959,Indonesia,1936-03-01,1335
1936-04-01,25.879,Indonesia,1936-04-01,1336
1936-05-01,26.047,Indonesia,1936-05-01,1337
1936-06-01,25.718000000000004,Indonesia,1936-06-01,1338
1936-07-01,25.448,Indonesia,1936-07-01,1339
1936-08-01,25.278,Indonesia,1936-08-01,1340
1936-09-01,25.832,Indonesia,1936-09-01,1341
1936-10-01,25.665000000000006,Indonesia,1936-10-01,1342
1936-11-01,25.76,Indonesia,1936-11-01,1343
1936-12-01,25.724,Indonesia,1936-12-01,1344
1937-01-01,25.642,Indonesia,1937-01-01,1345
1937-02-01,26.086,Indonesia,1937-02-01,1346
1937-03-01,25.958,Indonesia,1937-03-01,1347
1937-04-01,25.922,Indonesia,1937-04-01,1348
1937-05-01,25.897,Indonesia,1937-05-01,1349
1937-06-01,25.859,Indonesia,1937-06-01,1350
1937-07-01,25.408,Indonesia,1937-07-01,1351
1937-08-01,25.63,Indonesia,1937-08-01,1352
1937-09-01,25.762,Indonesia,1937-09-01,1353
1937-10-01,25.614,Indonesia,1937-10-01,1354
1937-11-01,26.043000000000003,Indonesia,1937-11-01,1355
1937-12-01,25.594,Indonesia,1937-12-01,1356
1938-01-01,25.673,Indonesia,1938-01-01,1357
1938-02-01,26.106,Indonesia,1938-02-01,1358
1938-03-01,25.894,Indonesia,1938-03-01,1359
1938-04-01,26.116,Indonesia,1938-04-01,1360
1938-05-01,25.975,Indonesia,1938-05-01,1361
1938-06-01,25.641,Indonesia,1938-06-01,1362
1938-07-01,25.523000000000003,Indonesia,1938-07-01,1363
1938-08-01,25.655,Indonesia,1938-08-01,1364
1938-09-01,25.484,Indonesia,1938-09-01,1365
1938-10-01,25.407,Indonesia,1938-10-01,1366
1938-11-01,25.566,Indonesia,1938-11-01,1367
1938-12-01,25.204,Indonesia,1938-12-01,1368
1939-01-01,25.356,Indonesia,1939-01-01,1369
1939-02-01,25.361,Indonesia,1939-02-01,1370
1939-03-01,25.626,Indonesia,1939-03-01,1371
1939-04-01,25.89,Indonesia,1939-04-01,1372
1939-05-01,25.794,Indonesia,1939-05-01,1373
1939-06-01,25.58,Indonesia,1939-06-01,1374
1939-07-01,25.874,Indonesia,1939-07-01,1375
1939-08-01,25.625,Indonesia,1939-08-01,1376
1939-09-01,25.265,Indonesia,1939-09-01,1377
1939-10-01,25.372,Indonesia,1939-10-01,1378
1939-11-01,25.876,Indonesia,1939-11-01,1379
1939-12-01,25.797,Indonesia,1939-12-01,1380
1940-01-01,25.322,Indonesia,1940-01-01,1381
1940-02-01,25.59800000000001,Indonesia,1940-02-01,1382
1940-03-01,25.92,Indonesia,1940-03-01,1383
1940-04-01,26.228,Indonesia,1940-04-01,1384
1940-05-01,26.13,Indonesia,1940-05-01,1385
1940-06-01,25.725,Indonesia,1940-06-01,1386
1940-07-01,25.376,Indonesia,1940-07-01,1387
1940-08-01,24.995,Indonesia,1940-08-01,1388
1940-09-01,25.34,Indonesia,1940-09-01,1389
1940-10-01,25.462000000000003,Indonesia,1940-10-01,1390
1940-11-01,25.933000000000003,Indonesia,1940-11-01,1391
1940-12-01,25.846,Indonesia,1940-12-01,1392
1941-01-01,25.967,Indonesia,1941-01-01,1393
1941-02-01,26.072000000000006,Indonesia,1941-02-01,1394
1941-03-01,26.521,Indonesia,1941-03-01,1395
1941-04-01,26.49,Indonesia,1941-04-01,1396
1941-05-01,26.523000000000003,Indonesia,1941-05-01,1397
1941-06-01,26.373,Indonesia,1941-06-01,1398
1941-07-01,25.406,Indonesia,1941-07-01,1399
1941-08-01,25.387,Indonesia,1941-08-01,1400
1941-09-01,25.397,Indonesia,1941-09-01,1401
1941-10-01,26.022,Indonesia,1941-10-01,1402
1941-11-01,26.073,Indonesia,1941-11-01,1403
1941-12-01,26.025,Indonesia,1941-12-01,1404
1942-01-01,26.054,Indonesia,1942-01-01,1405
1942-02-01,26.366,Indonesia,1942-02-01,1406
1942-03-01,26.748,Indonesia,1942-03-01,1407
1942-04-01,26.557,Indonesia,1942-04-01,1408
1942-05-01,26.789,Indonesia,1942-05-01,1409
1942-06-01,26.612,Indonesia,1942-06-01,1410
1942-07-01,25.739,Indonesia,1942-07-01,1411
1942-08-01,25.622,Indonesia,1942-08-01,1412
1942-09-01,25.812,Indonesia,1942-09-01,1413
1942-10-01,26.124,Indonesia,1942-10-01,1414
1942-11-01,25.698,Indonesia,1942-11-01,1415
1942-12-01,25.918000000000006,Indonesia,1942-12-01,1416
1943-01-01,25.53,Indonesia,1943-01-01,1417
1943-02-01,25.854000000000006,Indonesia,1943-02-01,1418
1943-03-01,25.594,Indonesia,1943-03-01,1419
1943-04-01,25.599,Indonesia,1943-04-01,1420
1943-05-01,25.741,Indonesia,1943-05-01,1421
1943-06-01,25.247,Indonesia,1943-06-01,1422
1943-07-01,25.645,Indonesia,1943-07-01,1423
1943-08-01,25.763,Indonesia,1943-08-01,1424
1943-09-01,25.533,Indonesia,1943-09-01,1425
1943-10-01,25.517000000000003,Indonesia,1943-10-01,1426
1943-11-01,25.482,Indonesia,1943-11-01,1427
1943-12-01,25.293000000000006,Indonesia,1943-12-01,1428
1944-01-01,25.783,Indonesia,1944-01-01,1429
1944-02-01,26.068,Indonesia,1944-02-01,1430
1944-03-01,25.644,Indonesia,1944-03-01,1431
1944-04-01,25.758000000000006,Indonesia,1944-04-01,1432
1944-05-01,26.099,Indonesia,1944-05-01,1433
1944-06-01,25.69,Indonesia,1944-06-01,1434
1944-07-01,24.922,Indonesia,1944-07-01,1435
1944-08-01,25.377,Indonesia,1944-08-01,1436
1944-09-01,25.535,Indonesia,1944-09-01,1437
1944-10-01,25.703000000000007,Indonesia,1944-10-01,1438
1944-11-01,26.021,Indonesia,1944-11-01,1439
1944-12-01,25.568,Indonesia,1944-12-01,1440
1945-01-01,25.925,Indonesia,1945-01-01,1441
1945-02-01,25.967,Indonesia,1945-02-01,1442
1945-03-01,25.724,Indonesia,1945-03-01,1443
1945-04-01,25.971,Indonesia,1945-04-01,1444
1945-05-01,26.028,Indonesia,1945-05-01,1445
1945-06-01,25.233,Indonesia,1945-06-01,1446
1945-07-01,25.014,Indonesia,1945-07-01,1447
1945-08-01,25.857,Indonesia,1945-08-01,1448
1945-09-01,25.748,Indonesia,1945-09-01,1449
1945-10-01,25.85,Indonesia,1945-10-01,1450
1945-11-01,25.704,Indonesia,1945-11-01,1451
1945-12-01,25.44400000000001,Indonesia,1945-12-01,1452
1946-01-01,25.714,Indonesia,1946-01-01,1453
1946-02-01,26.009,Indonesia,1946-02-01,1454
1946-03-01,26.264,Indonesia,1946-03-01,1455
1946-04-01,26.03700000000001,Indonesia,1946-04-01,1456
1946-05-01,25.716,Indonesia,1946-05-01,1457
1946-06-01,25.672,Indonesia,1946-06-01,1458
1946-07-01,25.879,Indonesia,1946-07-01,1459
1946-08-01,25.862,Indonesia,1946-08-01,1460
1946-09-01,25.552,Indonesia,1946-09-01,1461
1946-10-01,25.813,Indonesia,1946-10-01,1462
1946-11-01,26.374,Indonesia,1946-11-01,1463
1946-12-01,26.073,Indonesia,1946-12-01,1464
1947-01-01,26.351,Indonesia,1947-01-01,1465
1947-02-01,26.247,Indonesia,1947-02-01,1466
1947-03-01,26.322,Indonesia,1947-03-01,1467
1947-04-01,25.983,Indonesia,1947-04-01,1468
1947-05-01,26.162,Indonesia,1947-05-01,1469
1947-06-01,26.039,Indonesia,1947-06-01,1470
1947-07-01,25.9,Indonesia,1947-07-01,1471
1947-08-01,26.069000000000003,Indonesia,1947-08-01,1472
1947-09-01,26.188,Indonesia,1947-09-01,1473
1947-10-01,26.289,Indonesia,1947-10-01,1474
1947-11-01,25.962,Indonesia,1947-11-01,1475
1947-12-01,25.967,Indonesia,1947-12-01,1476
1948-01-01,26.049,Indonesia,1948-01-01,1477
1948-02-01,25.809,Indonesia,1948-02-01,1478
1948-03-01,25.885,Indonesia,1948-03-01,1479
1948-04-01,26.264,Indonesia,1948-04-01,1480
1948-05-01,26.336,Indonesia,1948-05-01,1481
1948-06-01,25.935,Indonesia,1948-06-01,1482
1948-07-01,25.764,Indonesia,1948-07-01,1483
1948-08-01,25.4,Indonesia,1948-08-01,1484
1948-09-01,25.536,Indonesia,1948-09-01,1485
1948-10-01,25.979000000000006,Indonesia,1948-10-01,1486
1948-11-01,25.888,Indonesia,1948-11-01,1487
1948-12-01,26.068,Indonesia,1948-12-01,1488
1949-01-01,26.277,Indonesia,1949-01-01,1489
1949-02-01,26.022,Indonesia,1949-02-01,1490
1949-03-01,26.003,Indonesia,1949-03-01,1491
1949-04-01,25.871,Indonesia,1949-04-01,1492
1949-05-01,25.91,Indonesia,1949-05-01,1493
1949-06-01,25.495,Indonesia,1949-06-01,1494
1949-07-01,25.128,Indonesia,1949-07-01,1495
1949-08-01,25.21,Indonesia,1949-08-01,1496
1949-09-01,25.777,Indonesia,1949-09-01,1497
1949-10-01,25.869000000000003,Indonesia,1949-10-01,1498
1949-11-01,25.993,Indonesia,1949-11-01,1499
1949-12-01,25.536,Indonesia,1949-12-01,1500
1950-01-01,25.608,Indonesia,1950-01-01,1501
1950-02-01,25.523000000000003,Indonesia,1950-02-01,1502
1950-03-01,26.16,Indonesia,1950-03-01,1503
1950-04-01,26.041,Indonesia,1950-04-01,1504
1950-05-01,25.758000000000003,Indonesia,1950-05-01,1505
1950-06-01,26.031,Indonesia,1950-06-01,1506
1950-07-01,25.401,Indonesia,1950-07-01,1507
1950-08-01,25.351,Indonesia,1950-08-01,1508
1950-09-01,25.352,Indonesia,1950-09-01,1509
1950-10-01,25.721,Indonesia,1950-10-01,1510
1950-11-01,25.67,Indonesia,1950-11-01,1511
1950-12-01,25.235000000000007,Indonesia,1950-12-01,1512
1951-01-01,25.652,Indonesia,1951-01-01,1513
1951-02-01,25.57,Indonesia,1951-02-01,1514
1951-03-01,26.054,Indonesia,1951-03-01,1515
1951-04-01,25.982,Indonesia,1951-04-01,1516
1951-05-01,26.312,Indonesia,1951-05-01,1517
1951-06-01,26.137,Indonesia,1951-06-01,1518
1951-07-01,25.489,Indonesia,1951-07-01,1519
1951-08-01,26.098000000000003,Indonesia,1951-08-01,1520
1951-09-01,26.052,Indonesia,1951-09-01,1521
1951-10-01,26.312,Indonesia,1951-10-01,1522
1951-11-01,26.9,Indonesia,1951-11-01,1523
1951-12-01,26.417,Indonesia,1951-12-01,1524
1952-01-01,26.328000000000003,Indonesia,1952-01-01,1525
1952-02-01,26.25500000000001,Indonesia,1952-02-01,1526
1952-03-01,26.177,Indonesia,1952-03-01,1527
1952-04-01,26.363000000000003,Indonesia,1952-04-01,1528
1952-05-01,26.309,Indonesia,1952-05-01,1529
1952-06-01,26.024,Indonesia,1952-06-01,1530
1952-07-01,25.761,Indonesia,1952-07-01,1531
1952-08-01,25.597,Indonesia,1952-08-01,1532
1952-09-01,25.958,Indonesia,1952-09-01,1533
1952-10-01,26.105,Indonesia,1952-10-01,1534
1952-11-01,26.151,Indonesia,1952-11-01,1535
1952-12-01,25.91200000000001,Indonesia,1952-12-01,1536
1953-01-01,25.821,Indonesia,1953-01-01,1537
1953-02-01,25.882,Indonesia,1953-02-01,1538
1953-03-01,26.098000000000003,Indonesia,1953-03-01,1539
1953-04-01,26.102,Indonesia,1953-04-01,1540
1953-05-01,26.09,Indonesia,1953-05-01,1541
1953-06-01,25.989,Indonesia,1953-06-01,1542
1953-07-01,25.327,Indonesia,1953-07-01,1543
1953-08-01,25.998,Indonesia,1953-08-01,1544
1953-09-01,25.977,Indonesia,1953-09-01,1545
1953-10-01,26.334000000000003,Indonesia,1953-10-01,1546
1953-11-01,26.355,Indonesia,1953-11-01,1547
1953-12-01,26.374,Indonesia,1953-12-01,1548
1954-01-01,26.072,Indonesia,1954-01-01,1549
1954-02-01,26.092,Indonesia,1954-02-01,1550
1954-03-01,26.284,Indonesia,1954-03-01,1551
1954-04-01,26.215,Indonesia,1954-04-01,1552
1954-05-01,26.141,Indonesia,1954-05-01,1553
1954-06-01,25.795,Indonesia,1954-06-01,1554
1954-07-01,25.159,Indonesia,1954-07-01,1555
1954-08-01,25.504,Indonesia,1954-08-01,1556
1954-09-01,25.768,Indonesia,1954-09-01,1557
1954-10-01,25.481,Indonesia,1954-10-01,1558
1954-11-01,25.768,Indonesia,1954-11-01,1559
1954-12-01,25.513,Indonesia,1954-12-01,1560
1955-01-01,25.593000000000004,Indonesia,1955-01-01,1561
1955-02-01,25.677,Indonesia,1955-02-01,1562
1955-03-01,25.964,Indonesia,1955-03-01,1563
1955-04-01,25.803,Indonesia,1955-04-01,1564
1955-05-01,26.118,Indonesia,1955-05-01,1565
1955-06-01,25.638,Indonesia,1955-06-01,1566
1955-07-01,25.152,Indonesia,1955-07-01,1567
1955-08-01,25.26,Indonesia,1955-08-01,1568
1955-09-01,25.635,Indonesia,1955-09-01,1569
1955-10-01,25.733,Indonesia,1955-10-01,1570
1955-11-01,25.686,Indonesia,1955-11-01,1571
1955-12-01,25.669,Indonesia,1955-12-01,1572
1956-01-01,25.279,Indonesia,1956-01-01,1573
1956-02-01,25.77,Indonesia,1956-02-01,1574
1956-03-01,25.967,Indonesia,1956-03-01,1575
1956-04-01,26.023000000000003,Indonesia,1956-04-01,1576
1956-05-01,26.007,Indonesia,1956-05-01,1577
1956-06-01,25.718000000000004,Indonesia,1956-06-01,1578
1956-07-01,25.436,Indonesia,1956-07-01,1579
1956-08-01,25.47,Indonesia,1956-08-01,1580
1956-09-01,25.582,Indonesia,1956-09-01,1581
1956-10-01,25.606,Indonesia,1956-10-01,1582
1956-11-01,25.855,Indonesia,1956-11-01,1583
1956-12-01,25.354000000000006,Indonesia,1956-12-01,1584
1957-01-01,25.706,Indonesia,1957-01-01,1585
1957-02-01,25.661,Indonesia,1957-02-01,1586
1957-03-01,25.93,Indonesia,1957-03-01,1587
1957-04-01,26.103,Indonesia,1957-04-01,1588
1957-05-01,26.158,Indonesia,1957-05-01,1589
1957-06-01,26.194000000000003,Indonesia,1957-06-01,1590
1957-07-01,25.795,Indonesia,1957-07-01,1591
1957-08-01,25.695,Indonesia,1957-08-01,1592
1957-09-01,25.788,Indonesia,1957-09-01,1593
1957-10-01,26.074,Indonesia,1957-10-01,1594
1957-11-01,26.33,Indonesia,1957-11-01,1595
1957-12-01,25.994,Indonesia,1957-12-01,1596
1958-01-01,26.248,Indonesia,1958-01-01,1597
1958-02-01,26.171,Indonesia,1958-02-01,1598
1958-03-01,26.423,Indonesia,1958-03-01,1599
1958-04-01,26.375,Indonesia,1958-04-01,1600
1958-05-01,26.508000000000003,Indonesia,1958-05-01,1601
1958-06-01,26.311,Indonesia,1958-06-01,1602
1958-07-01,26.036,Indonesia,1958-07-01,1603
1958-08-01,25.632,Indonesia,1958-08-01,1604
1958-09-01,26.17,Indonesia,1958-09-01,1605
1958-10-01,26.1,Indonesia,1958-10-01,1606
1958-11-01,26.095,Indonesia,1958-11-01,1607
1958-12-01,25.962,Indonesia,1958-12-01,1608
1959-01-01,26.005,Indonesia,1959-01-01,1609
1959-02-01,26.268,Indonesia,1959-02-01,1610
1959-03-01,26.311,Indonesia,1959-03-01,1611
1959-04-01,26.02,Indonesia,1959-04-01,1612
1959-05-01,26.255,Indonesia,1959-05-01,1613
1959-06-01,25.839,Indonesia,1959-06-01,1614
1959-07-01,25.478,Indonesia,1959-07-01,1615
1959-08-01,25.42,Indonesia,1959-08-01,1616
1959-09-01,25.852,Indonesia,1959-09-01,1617
1959-10-01,26.06900000000001,Indonesia,1959-10-01,1618
1959-11-01,26.306,Indonesia,1959-11-01,1619
1959-12-01,26.06900000000001,Indonesia,1959-12-01,1620
1960-01-01,25.908,Indonesia,1960-01-01,1621
1960-02-01,25.833,Indonesia,1960-02-01,1622
1960-03-01,26.21,Indonesia,1960-03-01,1623
1960-04-01,26.251,Indonesia,1960-04-01,1624
1960-05-01,26.438,Indonesia,1960-05-01,1625
1960-06-01,25.863000000000003,Indonesia,1960-06-01,1626
1960-07-01,25.501,Indonesia,1960-07-01,1627
1960-08-01,25.952,Indonesia,1960-08-01,1628
1960-09-01,25.942,Indonesia,1960-09-01,1629
1960-10-01,26.263,Indonesia,1960-10-01,1630
1960-11-01,26.12,Indonesia,1960-11-01,1631
1960-12-01,26.06900000000001,Indonesia,1960-12-01,1632
1961-01-01,25.563,Indonesia,1961-01-01,1633
1961-02-01,25.904,Indonesia,1961-02-01,1634
1961-03-01,26.09,Indonesia,1961-03-01,1635
1961-04-01,26.032,Indonesia,1961-04-01,1636
1961-05-01,26.278,Indonesia,1961-05-01,1637
1961-06-01,25.417,Indonesia,1961-06-01,1638
1961-07-01,25.252,Indonesia,1961-07-01,1639
1961-08-01,25.297,Indonesia,1961-08-01,1640
1961-09-01,25.601,Indonesia,1961-09-01,1641
1961-10-01,25.801,Indonesia,1961-10-01,1642
1961-11-01,26.156,Indonesia,1961-11-01,1643
1961-12-01,25.869,Indonesia,1961-12-01,1644
1962-01-01,25.542,Indonesia,1962-01-01,1645
1962-02-01,25.56900000000001,Indonesia,1962-02-01,1646
1962-03-01,25.827,Indonesia,1962-03-01,1647
1962-04-01,25.811,Indonesia,1962-04-01,1648
1962-05-01,26.275,Indonesia,1962-05-01,1649
1962-06-01,25.709,Indonesia,1962-06-01,1650
1962-07-01,25.639,Indonesia,1962-07-01,1651
1962-08-01,25.324,Indonesia,1962-08-01,1652
1962-09-01,25.801,Indonesia,1962-09-01,1653
1962-10-01,26.055000000000003,Indonesia,1962-10-01,1654
1962-11-01,26.201,Indonesia,1962-11-01,1655
1962-12-01,25.72,Indonesia,1962-12-01,1656
1963-01-01,25.173,Indonesia,1963-01-01,1657
1963-02-01,25.388,Indonesia,1963-02-01,1658
1963-03-01,25.749,Indonesia,1963-03-01,1659
1963-04-01,26.156,Indonesia,1963-04-01,1660
1963-05-01,26.287,Indonesia,1963-05-01,1661
1963-06-01,25.979,Indonesia,1963-06-01,1662
1963-07-01,25.467,Indonesia,1963-07-01,1663
1963-08-01,25.503,Indonesia,1963-08-01,1664
1963-09-01,25.865,Indonesia,1963-09-01,1665
1963-10-01,26.03,Indonesia,1963-10-01,1666
1963-11-01,26.486,Indonesia,1963-11-01,1667
1963-12-01,25.98,Indonesia,1963-12-01,1668
1964-01-01,26.193,Indonesia,1964-01-01,1669
1964-02-01,26.094,Indonesia,1964-02-01,1670
1964-03-01,26.062,Indonesia,1964-03-01,1671
1964-04-01,26.156,Indonesia,1964-04-01,1672
1964-05-01,26.396,Indonesia,1964-05-01,1673
1964-06-01,25.653,Indonesia,1964-06-01,1674
1964-07-01,25.327,Indonesia,1964-07-01,1675
1964-08-01,25.581,Indonesia,1964-08-01,1676
1964-09-01,25.871,Indonesia,1964-09-01,1677
1964-10-01,25.622,Indonesia,1964-10-01,1678
1964-11-01,25.701,Indonesia,1964-11-01,1679
1964-12-01,25.37,Indonesia,1964-12-01,1680
1965-01-01,25.151,Indonesia,1965-01-01,1681
1965-02-01,25.648000000000003,Indonesia,1965-02-01,1682
1965-03-01,25.688,Indonesia,1965-03-01,1683
1965-04-01,25.719,Indonesia,1965-04-01,1684
1965-05-01,25.953000000000003,Indonesia,1965-05-01,1685
1965-06-01,25.68,Indonesia,1965-06-01,1686
1965-07-01,25.246,Indonesia,1965-07-01,1687
1965-08-01,25.275,Indonesia,1965-08-01,1688
1965-09-01,25.784,Indonesia,1965-09-01,1689
1965-10-01,25.878,Indonesia,1965-10-01,1690
1965-11-01,26.429,Indonesia,1965-11-01,1691
1965-12-01,25.97,Indonesia,1965-12-01,1692
1966-01-01,25.853,Indonesia,1966-01-01,1693
1966-02-01,25.916,Indonesia,1966-02-01,1694
1966-03-01,26.134,Indonesia,1966-03-01,1695
1966-04-01,26.187,Indonesia,1966-04-01,1696
1966-05-01,26.348000000000003,Indonesia,1966-05-01,1697
1966-06-01,25.73,Indonesia,1966-06-01,1698
1966-07-01,25.572,Indonesia,1966-07-01,1699
1966-08-01,25.753,Indonesia,1966-08-01,1700
1966-09-01,26.11,Indonesia,1966-09-01,1701
1966-10-01,25.897,Indonesia,1966-10-01,1702
1966-11-01,26.043000000000003,Indonesia,1966-11-01,1703
1966-12-01,25.784,Indonesia,1966-12-01,1704
1967-01-01,25.57,Indonesia,1967-01-01,1705
1967-02-01,25.782,Indonesia,1967-02-01,1706
1967-03-01,25.997,Indonesia,1967-03-01,1707
1967-04-01,25.906,Indonesia,1967-04-01,1708
1967-05-01,26.149,Indonesia,1967-05-01,1709
1967-06-01,25.722,Indonesia,1967-06-01,1710
1967-07-01,25.422,Indonesia,1967-07-01,1711
1967-08-01,25.717,Indonesia,1967-08-01,1712
1967-09-01,25.828000000000003,Indonesia,1967-09-01,1713
1967-10-01,26.024,Indonesia,1967-10-01,1714
1967-11-01,26.158,Indonesia,1967-11-01,1715
1967-12-01,25.746,Indonesia,1967-12-01,1716
1968-01-01,25.606,Indonesia,1968-01-01,1717
1968-02-01,25.756,Indonesia,1968-02-01,1718
1968-03-01,26.116,Indonesia,1968-03-01,1719
1968-04-01,26.065,Indonesia,1968-04-01,1720
1968-05-01,26.254,Indonesia,1968-05-01,1721
1968-06-01,26.031,Indonesia,1968-06-01,1722
1968-07-01,25.736,Indonesia,1968-07-01,1723
1968-08-01,25.848000000000003,Indonesia,1968-08-01,1724
1968-09-01,26.112,Indonesia,1968-09-01,1725
1968-10-01,26.024,Indonesia,1968-10-01,1726
1968-11-01,26.039,Indonesia,1968-11-01,1727
1968-12-01,25.826,Indonesia,1968-12-01,1728
1969-01-01,25.988000000000003,Indonesia,1969-01-01,1729
1969-02-01,26.121,Indonesia,1969-02-01,1730
1969-03-01,26.503,Indonesia,1969-03-01,1731
1969-04-01,26.455,Indonesia,1969-04-01,1732
1969-05-01,26.611,Indonesia,1969-05-01,1733
1969-06-01,26.146,Indonesia,1969-06-01,1734
1969-07-01,25.486,Indonesia,1969-07-01,1735
1969-08-01,25.703000000000003,Indonesia,1969-08-01,1736
1969-09-01,26.048,Indonesia,1969-09-01,1737
1969-10-01,26.034,Indonesia,1969-10-01,1738
1969-11-01,26.257,Indonesia,1969-11-01,1739
1969-12-01,26.00500000000001,Indonesia,1969-12-01,1740
1970-01-01,26.043000000000003,Indonesia,1970-01-01,1741
1970-02-01,26.277,Indonesia,1970-02-01,1742
1970-03-01,26.459,Indonesia,1970-03-01,1743
1970-04-01,26.373,Indonesia,1970-04-01,1744
1970-05-01,26.445,Indonesia,1970-05-01,1745
1970-06-01,26.15,Indonesia,1970-06-01,1746
1970-07-01,25.559,Indonesia,1970-07-01,1747
1970-08-01,25.629,Indonesia,1970-08-01,1748
1970-09-01,26.013,Indonesia,1970-09-01,1749
1970-10-01,26.149,Indonesia,1970-10-01,1750
1970-11-01,26.055,Indonesia,1970-11-01,1751
1970-12-01,25.57,Indonesia,1970-12-01,1752
1971-01-01,25.525,Indonesia,1971-01-01,1753
1971-02-01,25.56900000000001,Indonesia,1971-02-01,1754
1971-03-01,25.86,Indonesia,1971-03-01,1755
1971-04-01,26.048,Indonesia,1971-04-01,1756
1971-05-01,26.285,Indonesia,1971-05-01,1757
1971-06-01,25.679,Indonesia,1971-06-01,1758
1971-07-01,25.524,Indonesia,1971-07-01,1759
1971-08-01,25.566,Indonesia,1971-08-01,1760
1971-09-01,26.006,Indonesia,1971-09-01,1761
1971-10-01,25.953000000000007,Indonesia,1971-10-01,1762
1971-11-01,25.806,Indonesia,1971-11-01,1763
1971-12-01,25.69400000000001,Indonesia,1971-12-01,1764
1972-01-01,25.448,Indonesia,1972-01-01,1765
1972-02-01,25.977,Indonesia,1972-02-01,1766
1972-03-01,25.912,Indonesia,1972-03-01,1767
1972-04-01,25.96,Indonesia,1972-04-01,1768
1972-05-01,26.188,Indonesia,1972-05-01,1769
1972-06-01,25.926,Indonesia,1972-06-01,1770
1972-07-01,25.921,Indonesia,1972-07-01,1771
1972-08-01,25.92,Indonesia,1972-08-01,1772
1972-09-01,26.021,Indonesia,1972-09-01,1773
1972-10-01,26.33,Indonesia,1972-10-01,1774
1972-11-01,26.716,Indonesia,1972-11-01,1775
1972-12-01,26.424000000000003,Indonesia,1972-12-01,1776
1973-01-01,26.233,Indonesia,1973-01-01,1777
1973-02-01,26.543000000000003,Indonesia,1973-02-01,1778
1973-03-01,26.372,Indonesia,1973-03-01,1779
1973-04-01,26.477,Indonesia,1973-04-01,1780
1973-05-01,26.416,Indonesia,1973-05-01,1781
1973-06-01,26.4,Indonesia,1973-06-01,1782
1973-07-01,25.983,Indonesia,1973-07-01,1783
1973-08-01,25.992,Indonesia,1973-08-01,1784
1973-09-01,26.031,Indonesia,1973-09-01,1785
1973-10-01,26.298,Indonesia,1973-10-01,1786
1973-11-01,26.249,Indonesia,1973-11-01,1787
1973-12-01,25.668000000000006,Indonesia,1973-12-01,1788
1974-01-01,25.532,Indonesia,1974-01-01,1789
1974-02-01,25.588,Indonesia,1974-02-01,1790
1974-03-01,25.932,Indonesia,1974-03-01,1791
1974-04-01,26.06600000000001,Indonesia,1974-04-01,1792
1974-05-01,26.352,Indonesia,1974-05-01,1793
1974-06-01,25.852,Indonesia,1974-06-01,1794
1974-07-01,25.471,Indonesia,1974-07-01,1795
1974-08-01,25.913,Indonesia,1974-08-01,1796
1974-09-01,25.986,Indonesia,1974-09-01,1797
1974-10-01,26.099,Indonesia,1974-10-01,1798
1974-11-01,26.223000000000003,Indonesia,1974-11-01,1799
1974-12-01,25.751,Indonesia,1974-12-01,1800
1975-01-01,25.823,Indonesia,1975-01-01,1801
1975-02-01,25.854000000000006,Indonesia,1975-02-01,1802
1975-03-01,25.979,Indonesia,1975-03-01,1803
1975-04-01,26.266,Indonesia,1975-04-01,1804
1975-05-01,26.245,Indonesia,1975-05-01,1805
1975-06-01,25.864,Indonesia,1975-06-01,1806
1975-07-01,25.509,Indonesia,1975-07-01,1807
1975-08-01,25.947,Indonesia,1975-08-01,1808
1975-09-01,25.913,Indonesia,1975-09-01,1809
1975-10-01,25.915000000000006,Indonesia,1975-10-01,1810
1975-11-01,25.873,Indonesia,1975-11-01,1811
1975-12-01,25.594,Indonesia,1975-12-01,1812
1976-01-01,25.154,Indonesia,1976-01-01,1813
1976-02-01,25.539,Indonesia,1976-02-01,1814
1976-03-01,25.747,Indonesia,1976-03-01,1815
1976-04-01,25.964,Indonesia,1976-04-01,1816
1976-05-01,26.286,Indonesia,1976-05-01,1817
1976-06-01,25.663,Indonesia,1976-06-01,1818
1976-07-01,25.44,Indonesia,1976-07-01,1819
1976-08-01,25.567,Indonesia,1976-08-01,1820
1976-09-01,26.136,Indonesia,1976-09-01,1821
1976-10-01,25.864,Indonesia,1976-10-01,1822
1976-11-01,26.117,Indonesia,1976-11-01,1823
1976-12-01,25.893,Indonesia,1976-12-01,1824
1977-01-01,25.742,Indonesia,1977-01-01,1825
1977-02-01,25.443,Indonesia,1977-02-01,1826
1977-03-01,25.879,Indonesia,1977-03-01,1827
1977-04-01,26.119,Indonesia,1977-04-01,1828
1977-05-01,26.19,Indonesia,1977-05-01,1829
1977-06-01,25.714,Indonesia,1977-06-01,1830
1977-07-01,25.61,Indonesia,1977-07-01,1831
1977-08-01,25.41,Indonesia,1977-08-01,1832
1977-09-01,26.139,Indonesia,1977-09-01,1833
1977-10-01,26.142000000000003,Indonesia,1977-10-01,1834
1977-11-01,26.426,Indonesia,1977-11-01,1835
1977-12-01,26.016,Indonesia,1977-12-01,1836
1978-01-01,25.802,Indonesia,1978-01-01,1837
1978-02-01,25.971,Indonesia,1978-02-01,1838
1978-03-01,26.201,Indonesia,1978-03-01,1839
1978-04-01,26.102,Indonesia,1978-04-01,1840
1978-05-01,26.534,Indonesia,1978-05-01,1841
1978-06-01,25.992,Indonesia,1978-06-01,1842
1978-07-01,25.693,Indonesia,1978-07-01,1843
1978-08-01,26.092,Indonesia,1978-08-01,1844
1978-09-01,25.752,Indonesia,1978-09-01,1845
1978-10-01,25.841,Indonesia,1978-10-01,1846
1978-11-01,26.095,Indonesia,1978-11-01,1847
1978-12-01,25.746,Indonesia,1978-12-01,1848
1979-01-01,25.898000000000003,Indonesia,1979-01-01,1849
1979-02-01,26.081,Indonesia,1979-02-01,1850
1979-03-01,26.136,Indonesia,1979-03-01,1851
1979-04-01,26.263,Indonesia,1979-04-01,1852
1979-05-01,26.592,Indonesia,1979-05-01,1853
1979-06-01,26.082,Indonesia,1979-06-01,1854
1979-07-01,25.536,Indonesia,1979-07-01,1855
1979-08-01,26.046,Indonesia,1979-08-01,1856
1979-09-01,26.02,Indonesia,1979-09-01,1857
1979-10-01,26.172,Indonesia,1979-10-01,1858
1979-11-01,26.136,Indonesia,1979-11-01,1859
1979-12-01,25.758000000000006,Indonesia,1979-12-01,1860
1980-01-01,25.748,Indonesia,1980-01-01,1861
1980-02-01,25.904,Indonesia,1980-02-01,1862
1980-03-01,26.037,Indonesia,1980-03-01,1863
1980-04-01,26.241,Indonesia,1980-04-01,1864
1980-05-01,26.579,Indonesia,1980-05-01,1865
1980-06-01,26.102,Indonesia,1980-06-01,1866
1980-07-01,25.973000000000003,Indonesia,1980-07-01,1867
1980-08-01,25.691,Indonesia,1980-08-01,1868
1980-09-01,26.14,Indonesia,1980-09-01,1869
1980-10-01,26.096,Indonesia,1980-10-01,1870
1980-11-01,26.068,Indonesia,1980-11-01,1871
1980-12-01,25.784,Indonesia,1980-12-01,1872
1981-01-01,25.55,Indonesia,1981-01-01,1873
1981-02-01,25.832,Indonesia,1981-02-01,1874
1981-03-01,26.204,Indonesia,1981-03-01,1875
1981-04-01,26.053,Indonesia,1981-04-01,1876
1981-05-01,26.457,Indonesia,1981-05-01,1877
1981-06-01,26.219,Indonesia,1981-06-01,1878
1981-07-01,25.877,Indonesia,1981-07-01,1879
1981-08-01,26.325,Indonesia,1981-08-01,1880
1981-09-01,25.892,Indonesia,1981-09-01,1881
1981-10-01,26.081000000000003,Indonesia,1981-10-01,1882
1981-11-01,26.141,Indonesia,1981-11-01,1883
1981-12-01,25.74,Indonesia,1981-12-01,1884
1982-01-01,25.637,Indonesia,1982-01-01,1885
1982-02-01,25.85,Indonesia,1982-02-01,1886
1982-03-01,25.933000000000003,Indonesia,1982-03-01,1887
1982-04-01,26.131,Indonesia,1982-04-01,1888
1982-05-01,26.302,Indonesia,1982-05-01,1889
1982-06-01,25.933000000000003,Indonesia,1982-06-01,1890
1982-07-01,25.588,Indonesia,1982-07-01,1891
1982-08-01,25.503,Indonesia,1982-08-01,1892
1982-09-01,25.86,Indonesia,1982-09-01,1893
1982-10-01,25.916,Indonesia,1982-10-01,1894
1982-11-01,26.338,Indonesia,1982-11-01,1895
1982-12-01,26.31,Indonesia,1982-12-01,1896
1983-01-01,26.146,Indonesia,1983-01-01,1897
1983-02-01,26.484,Indonesia,1983-02-01,1898
1983-03-01,26.959,Indonesia,1983-03-01,1899
1983-04-01,26.742,Indonesia,1983-04-01,1900
1983-05-01,26.463,Indonesia,1983-05-01,1901
1983-06-01,26.213,Indonesia,1983-06-01,1902
1983-07-01,25.751,Indonesia,1983-07-01,1903
1983-08-01,25.966,Indonesia,1983-08-01,1904
1983-09-01,26.086,Indonesia,1983-09-01,1905
1983-10-01,26.13000000000001,Indonesia,1983-10-01,1906
1983-11-01,26.175,Indonesia,1983-11-01,1907
1983-12-01,25.745,Indonesia,1983-12-01,1908
1984-01-01,25.597,Indonesia,1984-01-01,1909
1984-02-01,25.509,Indonesia,1984-02-01,1910
1984-03-01,25.911,Indonesia,1984-03-01,1911
1984-04-01,25.91,Indonesia,1984-04-01,1912
1984-05-01,25.968000000000004,Indonesia,1984-05-01,1913
1984-06-01,25.766,Indonesia,1984-06-01,1914
1984-07-01,25.339,Indonesia,1984-07-01,1915
1984-08-01,25.761,Indonesia,1984-08-01,1916
1984-09-01,25.583,Indonesia,1984-09-01,1917
1984-10-01,25.97300000000001,Indonesia,1984-10-01,1918
1984-11-01,26.177,Indonesia,1984-11-01,1919
1984-12-01,25.785,Indonesia,1984-12-01,1920
1985-01-01,25.863000000000003,Indonesia,1985-01-01,1921
1985-02-01,26.206,Indonesia,1985-02-01,1922
1985-03-01,26.211,Indonesia,1985-03-01,1923
1985-04-01,26.146,Indonesia,1985-04-01,1924
1985-05-01,26.436,Indonesia,1985-05-01,1925
1985-06-01,26.001,Indonesia,1985-06-01,1926
1985-07-01,25.221,Indonesia,1985-07-01,1927
1985-08-01,25.802,Indonesia,1985-08-01,1928
1985-09-01,25.795,Indonesia,1985-09-01,1929
1985-10-01,26.06600000000001,Indonesia,1985-10-01,1930
1985-11-01,26.127,Indonesia,1985-11-01,1931
1985-12-01,26.055,Indonesia,1985-12-01,1932
1986-01-01,25.736,Indonesia,1986-01-01,1933
1986-02-01,25.778,Indonesia,1986-02-01,1934
1986-03-01,25.823,Indonesia,1986-03-01,1935
1986-04-01,26.087,Indonesia,1986-04-01,1936
1986-05-01,26.675,Indonesia,1986-05-01,1937
1986-06-01,26.253,Indonesia,1986-06-01,1938
1986-07-01,25.913,Indonesia,1986-07-01,1939
1986-08-01,26.102,Indonesia,1986-08-01,1940
1986-09-01,26.117,Indonesia,1986-09-01,1941
1986-10-01,26.040000000000006,Indonesia,1986-10-01,1942
1986-11-01,26.07,Indonesia,1986-11-01,1943
1986-12-01,26.092,Indonesia,1986-12-01,1944
1987-01-01,25.681,Indonesia,1987-01-01,1945
1987-02-01,25.874,Indonesia,1987-02-01,1946
1987-03-01,26.433000000000003,Indonesia,1987-03-01,1947
1987-04-01,26.408,Indonesia,1987-04-01,1948
1987-05-01,26.624,Indonesia,1987-05-01,1949
1987-06-01,26.761,Indonesia,1987-06-01,1950
1987-07-01,26.262,Indonesia,1987-07-01,1951
1987-08-01,26.199,Indonesia,1987-08-01,1952
1987-09-01,26.561,Indonesia,1987-09-01,1953
1987-10-01,26.712000000000003,Indonesia,1987-10-01,1954
1987-11-01,26.664,Indonesia,1987-11-01,1955
1987-12-01,26.241,Indonesia,1987-12-01,1956
1988-01-01,26.31,Indonesia,1988-01-01,1957
1988-02-01,26.307,Indonesia,1988-02-01,1958
1988-03-01,26.623,Indonesia,1988-03-01,1959
1988-04-01,26.67,Indonesia,1988-04-01,1960
1988-05-01,26.785,Indonesia,1988-05-01,1961
1988-06-01,26.188,Indonesia,1988-06-01,1962
1988-07-01,25.945,Indonesia,1988-07-01,1963
1988-08-01,25.922,Indonesia,1988-08-01,1964
1988-09-01,26.269,Indonesia,1988-09-01,1965
1988-10-01,26.258000000000006,Indonesia,1988-10-01,1966
1988-11-01,26.195,Indonesia,1988-11-01,1967
1988-12-01,25.536,Indonesia,1988-12-01,1968
1989-01-01,26.07,Indonesia,1989-01-01,1969
1989-02-01,25.78,Indonesia,1989-02-01,1970
1989-03-01,25.94,Indonesia,1989-03-01,1971
1989-04-01,26.088,Indonesia,1989-04-01,1972
1989-05-01,26.426,Indonesia,1989-05-01,1973
1989-06-01,26.033,Indonesia,1989-06-01,1974
1989-07-01,25.907,Indonesia,1989-07-01,1975
1989-08-01,25.982,Indonesia,1989-08-01,1976
1989-09-01,26.04,Indonesia,1989-09-01,1977
1989-10-01,26.167,Indonesia,1989-10-01,1978
1989-11-01,26.241,Indonesia,1989-11-01,1979
1989-12-01,25.974,Indonesia,1989-12-01,1980
1990-01-01,25.717,Indonesia,1990-01-01,1981
1990-02-01,26.373,Indonesia,1990-02-01,1982
1990-03-01,26.386,Indonesia,1990-03-01,1983
1990-04-01,26.715,Indonesia,1990-04-01,1984
1990-05-01,26.7,Indonesia,1990-05-01,1985
1990-06-01,26.359,Indonesia,1990-06-01,1986
1990-07-01,25.775,Indonesia,1990-07-01,1987
1990-08-01,26.103,Indonesia,1990-08-01,1988
1990-09-01,26.142,Indonesia,1990-09-01,1989
1990-10-01,26.154,Indonesia,1990-10-01,1990
1990-11-01,26.507,Indonesia,1990-11-01,1991
1990-12-01,25.923,Indonesia,1990-12-01,1992
1991-01-01,25.978,Indonesia,1991-01-01,1993
1991-02-01,26.046,Indonesia,1991-02-01,1994
1991-03-01,26.277,Indonesia,1991-03-01,1995
1991-04-01,26.16,Indonesia,1991-04-01,1996
1991-05-01,26.386,Indonesia,1991-05-01,1997
1991-06-01,26.313,Indonesia,1991-06-01,1998
1991-07-01,25.774,Indonesia,1991-07-01,1999
1991-08-01,25.87,Indonesia,1991-08-01,2000
1991-09-01,26.082,Indonesia,1991-09-01,2001
1991-10-01,26.061,Indonesia,1991-10-01,2002
1991-11-01,26.077,Indonesia,1991-11-01,2003
1991-12-01,25.878,Indonesia,1991-12-01,2004
1992-01-01,26.06,Indonesia,1992-01-01,2005
1992-02-01,26.228,Indonesia,1992-02-01,2006
1992-03-01,26.554,Indonesia,1992-03-01,2007
1992-04-01,26.576,Indonesia,1992-04-01,2008
1992-05-01,26.628,Indonesia,1992-05-01,2009
1992-06-01,26.246,Indonesia,1992-06-01,2010
1992-07-01,25.693,Indonesia,1992-07-01,2011
1992-08-01,25.959,Indonesia,1992-08-01,2012
1992-09-01,26.202,Indonesia,1992-09-01,2013
1992-10-01,26.06900000000001,Indonesia,1992-10-01,2014
1992-11-01,26.084,Indonesia,1992-11-01,2015
1992-12-01,25.743,Indonesia,1992-12-01,2016
1993-01-01,25.866,Indonesia,1993-01-01,2017
1993-02-01,26.01,Indonesia,1993-02-01,2018
1993-03-01,26.023000000000003,Indonesia,1993-03-01,2019
1993-04-01,26.172,Indonesia,1993-04-01,2020
1993-05-01,26.455,Indonesia,1993-05-01,2021
1993-06-01,26.275,Indonesia,1993-06-01,2022
1993-07-01,25.833,Indonesia,1993-07-01,2023
1993-08-01,26.064,Indonesia,1993-08-01,2024
1993-09-01,26.101,Indonesia,1993-09-01,2025
1993-10-01,26.203000000000007,Indonesia,1993-10-01,2026
1993-11-01,26.488000000000003,Indonesia,1993-11-01,2027
1993-12-01,26.176,Indonesia,1993-12-01,2028
1994-01-01,25.909,Indonesia,1994-01-01,2029
1994-02-01,26.19,Indonesia,1994-02-01,2030
1994-03-01,25.932,Indonesia,1994-03-01,2031
1994-04-01,26.12,Indonesia,1994-04-01,2032
1994-05-01,26.326,Indonesia,1994-05-01,2033
1994-06-01,25.966,Indonesia,1994-06-01,2034
1994-07-01,25.665,Indonesia,1994-07-01,2035
1994-08-01,25.684,Indonesia,1994-08-01,2036
1994-09-01,26.114,Indonesia,1994-09-01,2037
1994-10-01,26.28,Indonesia,1994-10-01,2038
1994-11-01,26.676,Indonesia,1994-11-01,2039
1994-12-01,26.149,Indonesia,1994-12-01,2040
1995-01-01,26.024,Indonesia,1995-01-01,2041
1995-02-01,25.984,Indonesia,1995-02-01,2042
1995-03-01,26.217,Indonesia,1995-03-01,2043
1995-04-01,26.382,Indonesia,1995-04-01,2044
1995-05-01,26.787,Indonesia,1995-05-01,2045
1995-06-01,26.487,Indonesia,1995-06-01,2046
1995-07-01,25.884,Indonesia,1995-07-01,2047
1995-08-01,25.896,Indonesia,1995-08-01,2048
1995-09-01,26.308000000000003,Indonesia,1995-09-01,2049
1995-10-01,26.47,Indonesia,1995-10-01,2050
1995-11-01,26.339,Indonesia,1995-11-01,2051
1995-12-01,25.978,Indonesia,1995-12-01,2052
1996-01-01,25.726,Indonesia,1996-01-01,2053
1996-02-01,25.818,Indonesia,1996-02-01,2054
1996-03-01,26.663,Indonesia,1996-03-01,2055
1996-04-01,26.422,Indonesia,1996-04-01,2056
1996-05-01,26.806,Indonesia,1996-05-01,2057
1996-06-01,26.377,Indonesia,1996-06-01,2058
1996-07-01,26.065,Indonesia,1996-07-01,2059
1996-08-01,26.017,Indonesia,1996-08-01,2060
1996-09-01,26.37,Indonesia,1996-09-01,2061
1996-10-01,26.091,Indonesia,1996-10-01,2062
1996-11-01,26.291,Indonesia,1996-11-01,2063
1996-12-01,25.934,Indonesia,1996-12-01,2064
1997-01-01,25.829,Indonesia,1997-01-01,2065
1997-02-01,25.946,Indonesia,1997-02-01,2066
1997-03-01,26.583,Indonesia,1997-03-01,2067
1997-04-01,26.314,Indonesia,1997-04-01,2068
1997-05-01,26.767,Indonesia,1997-05-01,2069
1997-06-01,26.609,Indonesia,1997-06-01,2070
1997-07-01,25.999,Indonesia,1997-07-01,2071
1997-08-01,26.344,Indonesia,1997-08-01,2072
1997-09-01,26.222,Indonesia,1997-09-01,2073
1997-10-01,26.494,Indonesia,1997-10-01,2074
1997-11-01,26.691,Indonesia,1997-11-01,2075
1997-12-01,26.665000000000006,Indonesia,1997-12-01,2076
1998-01-01,26.925,Indonesia,1998-01-01,2077
1998-02-01,27.114,Indonesia,1998-02-01,2078
1998-03-01,27.3,Indonesia,1998-03-01,2079
1998-04-01,27.187,Indonesia,1998-04-01,2080
1998-05-01,27.478,Indonesia,1998-05-01,2081
1998-06-01,26.781,Indonesia,1998-06-01,2082
1998-07-01,26.43,Indonesia,1998-07-01,2083
1998-08-01,26.229,Indonesia,1998-08-01,2084
1998-09-01,26.541,Indonesia,1998-09-01,2085
1998-10-01,26.559,Indonesia,1998-10-01,2086
1998-11-01,26.479,Indonesia,1998-11-01,2087
1998-12-01,26.034,Indonesia,1998-12-01,2088
1999-01-01,26.093000000000004,Indonesia,1999-01-01,2089
1999-02-01,26.286,Indonesia,1999-02-01,2090
1999-03-01,26.284,Indonesia,1999-03-01,2091
1999-04-01,26.499,Indonesia,1999-04-01,2092
1999-05-01,26.248,Indonesia,1999-05-01,2093
1999-06-01,26.178,Indonesia,1999-06-01,2094
1999-07-01,25.708,Indonesia,1999-07-01,2095
1999-08-01,25.802,Indonesia,1999-08-01,2096
1999-09-01,26.108,Indonesia,1999-09-01,2097
1999-10-01,26.028,Indonesia,1999-10-01,2098
1999-11-01,26.322,Indonesia,1999-11-01,2099
1999-12-01,26.046000000000006,Indonesia,1999-12-01,2100
2000-01-01,25.894,Indonesia,2000-01-01,2101
2000-02-01,26.088,Indonesia,2000-02-01,2102
2000-03-01,26.308000000000003,Indonesia,2000-03-01,2103
2000-04-01,26.25,Indonesia,2000-04-01,2104
2000-05-01,26.682,Indonesia,2000-05-01,2105
2000-06-01,25.831,Indonesia,2000-06-01,2106
2000-07-01,25.958,Indonesia,2000-07-01,2107
2000-08-01,25.833,Indonesia,2000-08-01,2108
2000-09-01,26.429,Indonesia,2000-09-01,2109
2000-10-01,26.172,Indonesia,2000-10-01,2110
2000-11-01,26.404,Indonesia,2000-11-01,2111
2000-12-01,26.434,Indonesia,2000-12-01,2112
2001-01-01,25.985,Indonesia,2001-01-01,2113
2001-02-01,26.153,Indonesia,2001-02-01,2114
2001-03-01,26.401,Indonesia,2001-03-01,2115
2001-04-01,26.411,Indonesia,2001-04-01,2116
2001-05-01,26.836,Indonesia,2001-05-01,2117
2001-06-01,26.119,Indonesia,2001-06-01,2118
2001-07-01,26.191,Indonesia,2001-07-01,2119
2001-08-01,26.259,Indonesia,2001-08-01,2120
2001-09-01,26.412,Indonesia,2001-09-01,2121
2001-10-01,26.592,Indonesia,2001-10-01,2122
2001-11-01,26.489,Indonesia,2001-11-01,2123
2001-12-01,26.109,Indonesia,2001-12-01,2124
2002-01-01,26.249,Indonesia,2002-01-01,2125
2002-02-01,26.434,Indonesia,2002-02-01,2126
2002-03-01,26.576,Indonesia,2002-03-01,2127
2002-04-01,26.595,Indonesia,2002-04-01,2128
2002-05-01,26.917,Indonesia,2002-05-01,2129
2002-06-01,26.405,Indonesia,2002-06-01,2130
2002-07-01,26.368,Indonesia,2002-07-01,2131
2002-08-01,26.23,Indonesia,2002-08-01,2132
2002-09-01,26.36,Indonesia,2002-09-01,2133
2002-10-01,26.687,Indonesia,2002-10-01,2134
2002-11-01,26.772,Indonesia,2002-11-01,2135
2002-12-01,26.75500000000001,Indonesia,2002-12-01,2136
2003-01-01,26.352,Indonesia,2003-01-01,2137
2003-02-01,26.35,Indonesia,2003-02-01,2138
2003-03-01,26.562,Indonesia,2003-03-01,2139
2003-04-01,26.641,Indonesia,2003-04-01,2140
2003-05-01,26.919,Indonesia,2003-05-01,2141
2003-06-01,26.665,Indonesia,2003-06-01,2142
2003-07-01,25.999,Indonesia,2003-07-01,2143
2003-08-01,26.276,Indonesia,2003-08-01,2144
2003-09-01,26.348000000000003,Indonesia,2003-09-01,2145
2003-10-01,26.427000000000003,Indonesia,2003-10-01,2146
2003-11-01,26.728,Indonesia,2003-11-01,2147
2003-12-01,26.079,Indonesia,2003-12-01,2148
2004-01-01,26.384,Indonesia,2004-01-01,2149
2004-02-01,26.281,Indonesia,2004-02-01,2150
2004-03-01,26.653,Indonesia,2004-03-01,2151
2004-04-01,26.795,Indonesia,2004-04-01,2152
2004-05-01,26.94,Indonesia,2004-05-01,2153
2004-06-01,26.39,Indonesia,2004-06-01,2154
2004-07-01,25.693,Indonesia,2004-07-01,2155
2004-08-01,26.146,Indonesia,2004-08-01,2156
2004-09-01,26.38,Indonesia,2004-09-01,2157
2004-10-01,26.604000000000006,Indonesia,2004-10-01,2158
2004-11-01,26.694000000000003,Indonesia,2004-11-01,2159
2004-12-01,26.258000000000006,Indonesia,2004-12-01,2160
2005-01-01,26.332,Indonesia,2005-01-01,2161
2005-02-01,26.712,Indonesia,2005-02-01,2162
2005-03-01,26.793000000000003,Indonesia,2005-03-01,2163
2005-04-01,26.493,Indonesia,2005-04-01,2164
2005-05-01,26.689,Indonesia,2005-05-01,2165
2005-06-01,26.582,Indonesia,2005-06-01,2166
2005-07-01,26.144,Indonesia,2005-07-01,2167
2005-08-01,26.336,Indonesia,2005-08-01,2168
2005-09-01,26.667,Indonesia,2005-09-01,2169
2005-10-01,26.329,Indonesia,2005-10-01,2170
2005-11-01,26.382,Indonesia,2005-11-01,2171
2005-12-01,25.986,Indonesia,2005-12-01,2172
2006-01-01,26.026,Indonesia,2006-01-01,2173
2006-02-01,26.397,Indonesia,2006-02-01,2174
2006-03-01,26.572,Indonesia,2006-03-01,2175
2006-04-01,26.305,Indonesia,2006-04-01,2176
2006-05-01,26.572,Indonesia,2006-05-01,2177
2006-06-01,26.125,Indonesia,2006-06-01,2178
2006-07-01,26.259,Indonesia,2006-07-01,2179
2006-08-01,26.1,Indonesia,2006-08-01,2180
2006-09-01,26.137,Indonesia,2006-09-01,2181
2006-10-01,26.539,Indonesia,2006-10-01,2182
2006-11-01,26.846,Indonesia,2006-11-01,2183
2006-12-01,26.703000000000007,Indonesia,2006-12-01,2184
2007-01-01,26.419,Indonesia,2007-01-01,2185
2007-02-01,26.246,Indonesia,2007-02-01,2186
2007-03-01,26.472,Indonesia,2007-03-01,2187
2007-04-01,26.367,Indonesia,2007-04-01,2188
2007-05-01,26.808000000000003,Indonesia,2007-05-01,2189
2007-06-01,26.417,Indonesia,2007-06-01,2190
2007-07-01,25.886,Indonesia,2007-07-01,2191
2007-08-01,25.869,Indonesia,2007-08-01,2192
2007-09-01,26.159,Indonesia,2007-09-01,2193
2007-10-01,26.399,Indonesia,2007-10-01,2194
2007-11-01,26.368,Indonesia,2007-11-01,2195
2007-12-01,26.107000000000006,Indonesia,2007-12-01,2196
2008-01-01,26.193,Indonesia,2008-01-01,2197
2008-02-01,26.033,Indonesia,2008-02-01,2198
2008-03-01,25.997,Indonesia,2008-03-01,2199
2008-04-01,26.039,Indonesia,2008-04-01,2200
2008-05-01,26.419,Indonesia,2008-05-01,2201
2008-06-01,25.945,Indonesia,2008-06-01,2202
2008-07-01,25.6,Indonesia,2008-07-01,2203
2008-08-01,25.747,Indonesia,2008-08-01,2204
2008-09-01,26.195,Indonesia,2008-09-01,2205
2008-10-01,26.259,Indonesia,2008-10-01,2206
2008-11-01,26.404,Indonesia,2008-11-01,2207
2008-12-01,25.952,Indonesia,2008-12-01,2208
2009-01-01,25.999,Indonesia,2009-01-01,2209
2009-02-01,25.966,Indonesia,2009-02-01,2210
2009-03-01,26.228,Indonesia,2009-03-01,2211
2009-04-01,26.64,Indonesia,2009-04-01,2212
2009-05-01,26.852,Indonesia,2009-05-01,2213
2009-06-01,26.538,Indonesia,2009-06-01,2214
2009-07-01,26.103,Indonesia,2009-07-01,2215
2009-08-01,26.464,Indonesia,2009-08-01,2216
2009-09-01,26.923,Indonesia,2009-09-01,2217
2009-10-01,26.608,Indonesia,2009-10-01,2218
2009-11-01,26.692,Indonesia,2009-11-01,2219
2009-12-01,26.447000000000006,Indonesia,2009-12-01,2220
2010-01-01,26.201,Indonesia,2010-01-01,2221
2010-02-01,26.907,Indonesia,2010-02-01,2222
2010-03-01,26.853,Indonesia,2010-03-01,2223
2010-04-01,26.969,Indonesia,2010-04-01,2224
2010-05-01,27.218000000000004,Indonesia,2010-05-01,2225
2010-06-01,26.628,Indonesia,2010-06-01,2226
2010-07-01,26.231,Indonesia,2010-07-01,2227
2010-08-01,26.369,Indonesia,2010-08-01,2228
2010-09-01,26.321,Indonesia,2010-09-01,2229
2010-10-01,26.386000000000006,Indonesia,2010-10-01,2230
2010-11-01,26.412,Indonesia,2010-11-01,2231
2010-12-01,25.949,Indonesia,2010-12-01,2232
2011-01-01,25.843000000000004,Indonesia,2011-01-01,2233
2011-02-01,26.095,Indonesia,2011-02-01,2234
2011-03-01,26.096,Indonesia,2011-03-01,2235
2011-04-01,26.184,Indonesia,2011-04-01,2236
2011-05-01,26.617,Indonesia,2011-05-01,2237
2011-06-01,26.165,Indonesia,2011-06-01,2238
2011-07-01,26.021,Indonesia,2011-07-01,2239
2011-08-01,26.136,Indonesia,2011-08-01,2240
2011-09-01,26.204,Indonesia,2011-09-01,2241
2011-10-01,26.31600000000001,Indonesia,2011-10-01,2242
2011-11-01,26.53,Indonesia,2011-11-01,2243
2011-12-01,26.22,Indonesia,2011-12-01,2244
2012-01-01,26.145,Indonesia,2012-01-01,2245
2012-02-01,26.152,Indonesia,2012-02-01,2246
2012-03-01,26.285,Indonesia,2012-03-01,2247
2012-04-01,26.359,Indonesia,2012-04-01,2248
2012-05-01,26.64,Indonesia,2012-05-01,2249
2012-06-01,26.312,Indonesia,2012-06-01,2250
2012-07-01,25.802,Indonesia,2012-07-01,2251
2012-08-01,26.065,Indonesia,2012-08-01,2252
2012-09-01,26.433000000000003,Indonesia,2012-09-01,2253
2012-10-01,26.595,Indonesia,2012-10-01,2254
2012-11-01,26.651,Indonesia,2012-11-01,2255
2012-12-01,26.426,Indonesia,2012-12-01,2256
2013-01-01,26.403,Indonesia,2013-01-01,2257
2013-02-01,26.209,Indonesia,2013-02-01,2258
2013-03-01,26.934,Indonesia,2013-03-01,2259
2013-04-01,26.628,Indonesia,2013-04-01,2260
2013-05-01,26.818,Indonesia,2013-05-01,2261
2013-06-01,26.881,Indonesia,2013-06-01,2262
2013-07-01,25.902,Indonesia,2013-07-01,2263
2013-08-01,25.961,Indonesia,2013-08-01,2264
